building,apartment,apartment_id,floor,type,profile_key,segment,rooms,area_m2,balcony_m2,balcony_count,yard,directions,park_view,net_price_ils,total_cost_indexed_ils,plan_score,plan_tier,plan_adjustment_pct,location_score,location_adjustment_pct,total_quality_adjustment_pct,quality_rank_within_segment,quality_tier_within_segment,analysis_confidence,plan_summary,dimensions,outdoor_notes,orientation_note,floor_note,micro_location_note,unit_strengths,unit_risks,verification_needed,plan_image_path
1,2,1-2,1,1A,1A,3 חדרים גדולה,3,87.77,21.67,2,False,מערב - צפון,none,1371044,1432443,82,B+,0.4,58.6,-2.41,-2.01,13,C – חלשה יחסית בסגמנט,בינונית-גבוהה,"דירת 3 חדרים גדולה ונוחה מאוד, עם חלל ציבורי נדיב ושני חדרים בגודל מלא. חלק מהשטח החיצוני מפוצל ומרפסת הסלון צרה, ולכן השטח הרשום הגבוה אינו כולו שווה באותה מידה לקונה.",חלל ציבורי פתוח ברוחב עד כ־5.76 מ׳; חדרים כ־2.92×3.47 מ׳ וכ־3.29×3.76 מ׳; מרפסת סלון כ־6.36×1.59 מ׳; מרפסת מעוגלת נוספת כ־9.8 מ״ר.,"סה״כ 21.67 מ״ר בשתי מרפסות. מרפסת הסלון ארוכה וצרה; המרפסת המעוגלת עמוקה יותר אך מחוברת לחדר שינה. יש ערך ייחודי, אך פחות ממשטח חוץ אחד גדול ושימושי.","קרירה ומוצלת יותר, אך עלולה להיות חשוכה יחסית בחלק מהיום","קומה נמוכה: פרטיות מופחתת, יותר רעש ומיסוך עצים/גינון; מעל קומת הכניסה אך עדיין קרובה לקרקע.",החזית המערבית פונה לרחוב; הצפון פונה לכיוון בניין 3 והמרחב הפנימי. אין נוף פארק. יחידות נמוכות חשופות יותר לכביש ולחזיתות סמוכות.,ללא יתרון יחידה ייחודי מעבר לטיפוס ולמיקום הכללי,"קומה 1 רגישה יותר לרעש, מבטים מהקרקע ומיסוך צמחייה | חשיפה לרחוב היקפי/ראשי; יש לבצע בדיקת רעש בשעות עומס | אחד הכיוונים פונה לאזור גן הילדים/המרחב הציבורי; רעש יום רלוונטי בעיקר בקומות נמוכות","תוכנית מכר חתומה ומידות נקיות סופיות | שיוך ומאפייני חניה ומחסן | מיקום חדר אשפה, מערכות, מעליות ופירים ביחס לדירה | בדיקת sightline בפועל/מודל תלת־ממד לפי הקומה | בדיקת רעש בשטח ובשעות פעילות",app/public/plans/apt_b1_2.png
1,3,1-3,1,1B,1B,4 חדרים,4,107.95,11.88,1,False,מזרח - צפון,partial,1676693,1751779,79,B-,-0.2,58.2,-2.48,-2.68,39,C – חלשה יחסית בסגמנט,בינונית,"תוכנית משפחתית טובה ומרווחת, עם חדר הורים נדיב ומערך שירות מלא. החלל הציבורי ארוך והמרפסת צרה; חדר אחד קומפקטי והזרימה פחות טבעית מהטיפוסים המובילים.",חלל ציבורי באורך כ־7.2 מ׳ וברוחב שימושי סביב 4.06 מ׳; הורים כ־4.43×2.95 מ׳; חדר נוסף כ־3.00×3.15 מ׳; ממ״ד כ־3.76×3.00 מ׳; מרפסת כ־6.35×1.59 מ׳.,"11.88 מ״ר רשומים, אך עומק של כ־1.59 מ׳. מתאימה לישיבה לאורך המרפסת; פחות נוחה לשולחן משפחתי רחב.",אור בוקר וטמפרטורה מתונה יחסית; פחות שמש דרומית,"קומה נמוכה: פרטיות מופחתת, יותר רעש ומיסוך עצים/גינון; מעל קומת הכניסה אך עדיין קרובה לקרקע.",המזרח פונה דרך המתחם לכיוון בניין 2 ולכן אינו קו נוף פארק ישיר. הכיוון הצפוני פונה לאזור גן הילדים/המרחב הפנימי; בקומות נמוכות צפויים יותר רעש יום ופרטיות מופחתת.,ללא יתרון יחידה ייחודי מעבר לטיפוס ולמיקום הכללי,"הפתיחות המזרחית חלקית בלבד בגלל מבני הפרויקט שממול; אין לתמחר כנוף פארק מלא | קומה 1 רגישה יותר לרעש, מבטים מהקרקע ומיסוך צמחייה | אחד הכיוונים פונה לאזור גן הילדים/המרחב הציבורי; רעש יום רלוונטי בעיקר בקומות נמוכות","תוכנית מכר חתומה ומידות נקיות סופיות | שיוך ומאפייני חניה ומחסן | מיקום חדר אשפה, מערכות, מעליות ופירים ביחס לדירה | בדיקת sightline בפועל/מודל תלת־ממד לפי הקומה | בדיקת רעש בשטח ובשעות פעילות | מרחק מדויק וחלונות נגדיים בבניין 2/3",app/public/plans/apt_b1_3.png
1,4,1-4,1,1C,1C,3 חדרים קומפקטית,3,79.72,13.6,1,False,מזרח - דרום,partial,1188348,1241566,81,B,0.2,61.6,-1.87,-1.67,24,C – חלשה יחסית בסגמנט,בינונית,"אחת מתוכניות ה־3 חדרים היעילות ביותר: כמעט כל השטח עובד, המרפסת עמוקה ומרובעת, ושני החדרים בגודל סביר. המטבח קומפקטי ואין סוויטת הורים.","חלל ציבורי ברוחב כולל כ־5.83 מ׳; חדרים כ־2.95×3.98 מ׳ וכ־3.54×2.95 מ׳; מרפסת כ־13.6 מ״ר, בעומק קרוב ל־4 מ׳.","מרפסת כ־13.6 מ״ר בעלת פרופורציות עמוקות ומרובעות יחסית — שימושית לאוכל, אירוח ופינת ישיבה.","אור בוקר ודרום; איזון טוב יחסית, בכפוף להצללה בפועל","קומה נמוכה: פרטיות מופחתת, יותר רעש ומיסוך עצים/גינון; מעל קומת הכניסה אך עדיין קרובה לקרקע.","חזית מזרחית-דרומית, אך המזרח מוסתר חלקית על ידי בניין 2. הדרום פונה לרחוב; בקומות נמוכות יש שילוב של כביש וקרבה למתחם.",ללא יתרון יחידה ייחודי מעבר לטיפוס ולמיקום הכללי,"הפתיחות המזרחית חלקית בלבד בגלל מבני הפרויקט שממול; אין לתמחר כנוף פארק מלא | קומה 1 רגישה יותר לרעש, מבטים מהקרקע ומיסוך צמחייה","תוכנית מכר חתומה ומידות נקיות סופיות | שיוך ומאפייני חניה ומחסן | מיקום חדר אשפה, מערכות, מעליות ופירים ביחס לדירה | בדיקת sightline בפועל/מודל תלת־ממד לפי הקומה | בדיקת רעש בשטח ובשעות פעילות | מרחק מדויק וחלונות נגדיים בבניין 2/3",app/public/plans/apt_b1_4.png
1,5,1-5,1,1D,1D,3 חדרים קומפקטית,3,78.78,7.4,1,False,דרום,none,1148642,1200081,83,B+,0.6,62.8,-1.66,-1.06,19,C – חלשה יחסית בסגמנט,בינונית-גבוהה,"תוכנית פנימית יעילה ומאוזנת מאוד. בניגוד להערכה הקודמת, המטבח והחלל הציבורי אינם חלשים; החיסרון המרכזי הוא כמות שטח החוץ, לא איכות התכנון הפנימי.","חלל ציבורי כ־5.70×5.38 מ׳; חדרים כ־2.95×3.96 מ׳ וכ־2.89×3.42 מ׳; מרפסת כ־7.4 מ״ר, ברוחב כ־2.4 מ׳ ובצורה מלבנית.","7.4 מ״ר בלבד, אך הצורה מלבנית ועומק של כ־2.4 מ׳ הופכים אותה לשימושית יותר ממרפסת ארוכה וצרה באותו שטח.",אור יום חזק; יש לבדוק הצללה ועומס חום,"קומה נמוכה: פרטיות מופחתת, יותר רעש ומיסוך עצים/גינון; מעל קומת הכניסה אך עדיין קרובה לקרקע.","פונה דרומה לרחוב ההיקפי. אין חזית בניין קרובה ישירות, אך רעש תנועה והולכי רגל משמעותי יותר בקומות הנמוכות.",ללא יתרון יחידה ייחודי מעבר לטיפוס ולמיקום הכללי,"קומה 1 רגישה יותר לרעש, מבטים מהקרקע ומיסוך צמחייה | חשיפה לרחוב היקפי/ראשי; יש לבצע בדיקת רעש בשעות עומס","תוכנית מכר חתומה ומידות נקיות סופיות | שיוך ומאפייני חניה ומחסן | מיקום חדר אשפה, מערכות, מעליות ופירים ביחס לדירה | בדיקת sightline בפועל/מודל תלת־ממד לפי הקומה | בדיקת רעש בשטח ובשעות פעילות",app/public/plans/apt_b1_5.png
1,6,1-6,1,1E,1E,4 חדרים,4,109.6,13.01,1,False,מערב - דרום,none,1711950,1788615,83,B+,0.6,61.4,-1.91,-1.31,34,C – חלשה יחסית בסגמנט,בינונית-גבוהה,"דירת 4 חדרים עם חלל ציבורי מצוין, מטבח גדול ומרפסת עמוקה. חדר ההורים טוב, אך שני חדרים משניים קומפקטיים ואחד מהם מופרד מהאגף העיקרי.",סלון כ־5.01×4.02 מ׳; מטבח כ־3.21×4.86 מ׳; מרפסת 13.01 מ״ר בעומק של כ־3 מ׳; חדר הורים ברוחב כ־2.95 מ׳ ובאורך קרוב ל־4.95 מ׳; חדרים משניים סביב 9.2–9.8 מ״ר.,"מרפסת 13 מ״ר עמוקה ומלבנית יחסית, עם יכולת אמיתית לאירוח ושולחן אוכל.","אור חזק ושקיעות, אך עומס חום אחר הצהריים","קומה נמוכה: פרטיות מופחתת, יותר רעש ומיסוך עצים/גינון; מעל קומת הכניסה אך עדיין קרובה לקרקע.","פינת דרום-מערב מול רחובות היקפיים. פתיחות עירונית סבירה, אך תנועה ועומס חום מערבי; בקומות גבוהות הפתיחות משתפרת.",ללא יתרון יחידה ייחודי מעבר לטיפוס ולמיקום הכללי,"קומה 1 רגישה יותר לרעש, מבטים מהקרקע ומיסוך צמחייה | חשיפה לרחוב היקפי/ראשי; יש לבצע בדיקת רעש בשעות עומס","תוכנית מכר חתומה ומידות נקיות סופיות | שיוך ומאפייני חניה ומחסן | מיקום חדר אשפה, מערכות, מעליות ופירים ביחס לדירה | בדיקת sightline בפועל/מודל תלת־ממד לפי הקומה | בדיקת רעש בשטח ובשעות פעילות",app/public/plans/apt_b1_6.png
1,7,1-7,2,1A,1A,3 חדרים גדולה,3,87.77,21.67,2,False,מערב - צפון,none,1371044,1432443,82,B+,0.4,63.2,-1.58,-1.18,12,C – חלשה יחסית בסגמנט,בינונית-גבוהה,"דירת 3 חדרים גדולה ונוחה מאוד, עם חלל ציבורי נדיב ושני חדרים בגודל מלא. חלק מהשטח החיצוני מפוצל ומרפסת הסלון צרה, ולכן השטח הרשום הגבוה אינו כולו שווה באותה מידה לקונה.",חלל ציבורי פתוח ברוחב עד כ־5.76 מ׳; חדרים כ־2.92×3.47 מ׳ וכ־3.29×3.76 מ׳; מרפסת סלון כ־6.36×1.59 מ׳; מרפסת מעוגלת נוספת כ־9.8 מ״ר.,"סה״כ 21.67 מ״ר בשתי מרפסות. מרפסת הסלון ארוכה וצרה; המרפסת המעוגלת עמוקה יותר אך מחוברת לחדר שינה. יש ערך ייחודי, אך פחות ממשטח חוץ אחד גדול ושימושי.","קרירה ומוצלת יותר, אך עלולה להיות חשוכה יחסית בחלק מהיום","קומה נמוכה-בינונית: שיפור ביחס לקומה 1, אך עדיין רגישה לרעש, פרטיות ועצים.",החזית המערבית פונה לרחוב; הצפון פונה לכיוון בניין 3 והמרחב הפנימי. אין נוף פארק. יחידות נמוכות חשופות יותר לכביש ולחזיתות סמוכות.,ללא יתרון יחידה ייחודי מעבר לטיפוס ולמיקום הכללי,"קומה 2 עדיין נמוכה יחסית, אך עדיפה משמעותית על קומה 1 בפרטיות | חשיפה לרחוב היקפי/ראשי; יש לבצע בדיקת רעש בשעות עומס | אחד הכיוונים פונה לאזור גן הילדים/המרחב הציבורי; רעש יום רלוונטי בעיקר בקומות נמוכות","תוכנית מכר חתומה ומידות נקיות סופיות | שיוך ומאפייני חניה ומחסן | מיקום חדר אשפה, מערכות, מעליות ופירים ביחס לדירה | בדיקת sightline בפועל/מודל תלת־ממד לפי הקומה | בדיקת רעש בשטח ובשעות פעילות",app/public/plans/apt_b1_7.png
1,8,1-8,2,1B,1B,4 חדרים,4,107.95,11.88,1,False,מזרח - צפון,partial,1676693,1751779,79,B-,-0.2,62.4,-1.73,-1.93,38,C – חלשה יחסית בסגמנט,בינונית,"תוכנית משפחתית טובה ומרווחת, עם חדר הורים נדיב ומערך שירות מלא. החלל הציבורי ארוך והמרפסת צרה; חדר אחד קומפקטי והזרימה פחות טבעית מהטיפוסים המובילים.",חלל ציבורי באורך כ־7.2 מ׳ וברוחב שימושי סביב 4.06 מ׳; הורים כ־4.43×2.95 מ׳; חדר נוסף כ־3.00×3.15 מ׳; ממ״ד כ־3.76×3.00 מ׳; מרפסת כ־6.35×1.59 מ׳.,"11.88 מ״ר רשומים, אך עומק של כ־1.59 מ׳. מתאימה לישיבה לאורך המרפסת; פחות נוחה לשולחן משפחתי רחב.",אור בוקר וטמפרטורה מתונה יחסית; פחות שמש דרומית,"קומה נמוכה-בינונית: שיפור ביחס לקומה 1, אך עדיין רגישה לרעש, פרטיות ועצים.",המזרח פונה דרך המתחם לכיוון בניין 2 ולכן אינו קו נוף פארק ישיר. הכיוון הצפוני פונה לאזור גן הילדים/המרחב הפנימי; בקומות נמוכות צפויים יותר רעש יום ופרטיות מופחתת.,ללא יתרון יחידה ייחודי מעבר לטיפוס ולמיקום הכללי,"הפתיחות המזרחית חלקית בלבד בגלל מבני הפרויקט שממול; אין לתמחר כנוף פארק מלא | קומה 2 עדיין נמוכה יחסית, אך עדיפה משמעותית על קומה 1 בפרטיות | אחד הכיוונים פונה לאזור גן הילדים/המרחב הציבורי; רעש יום רלוונטי בעיקר בקומות נמוכות","תוכנית מכר חתומה ומידות נקיות סופיות | שיוך ומאפייני חניה ומחסן | מיקום חדר אשפה, מערכות, מעליות ופירים ביחס לדירה | בדיקת sightline בפועל/מודל תלת־ממד לפי הקומה | בדיקת רעש בשטח ובשעות פעילות | מרחק מדויק וחלונות נגדיים בבניין 2/3",app/public/plans/apt_b1_8.png
1,9,1-9,2,1C,1C,3 חדרים קומפקטית,3,79.72,13.6,1,False,מזרח - דרום,partial,1188348,1241566,81,B,0.2,65.6,-1.15,-0.95,18,B – טובה/ממוצעת בסגמנט,בינונית,"אחת מתוכניות ה־3 חדרים היעילות ביותר: כמעט כל השטח עובד, המרפסת עמוקה ומרובעת, ושני החדרים בגודל סביר. המטבח קומפקטי ואין סוויטת הורים.","חלל ציבורי ברוחב כולל כ־5.83 מ׳; חדרים כ־2.95×3.98 מ׳ וכ־3.54×2.95 מ׳; מרפסת כ־13.6 מ״ר, בעומק קרוב ל־4 מ׳.","מרפסת כ־13.6 מ״ר בעלת פרופורציות עמוקות ומרובעות יחסית — שימושית לאוכל, אירוח ופינת ישיבה.","אור בוקר ודרום; איזון טוב יחסית, בכפוף להצללה בפועל","קומה נמוכה-בינונית: שיפור ביחס לקומה 1, אך עדיין רגישה לרעש, פרטיות ועצים.","חזית מזרחית-דרומית, אך המזרח מוסתר חלקית על ידי בניין 2. הדרום פונה לרחוב; בקומות נמוכות יש שילוב של כביש וקרבה למתחם.",ללא יתרון יחידה ייחודי מעבר לטיפוס ולמיקום הכללי,"הפתיחות המזרחית חלקית בלבד בגלל מבני הפרויקט שממול; אין לתמחר כנוף פארק מלא | קומה 2 עדיין נמוכה יחסית, אך עדיפה משמעותית על קומה 1 בפרטיות","תוכנית מכר חתומה ומידות נקיות סופיות | שיוך ומאפייני חניה ומחסן | מיקום חדר אשפה, מערכות, מעליות ופירים ביחס לדירה | בדיקת sightline בפועל/מודל תלת־ממד לפי הקומה | בדיקת רעש בשטח ובשעות פעילות | מרחק מדויק וחלונות נגדיים בבניין 2/3",app/public/plans/apt_b1_9.png
1,10,1-10,2,1D,1D,3 חדרים קומפקטית,3,78.78,7.4,1,False,דרום,none,1148642,1200081,83,B+,0.6,67.6,-0.79,-0.19,12,B – טובה/ממוצעת בסגמנט,בינונית-גבוהה,"תוכנית פנימית יעילה ומאוזנת מאוד. בניגוד להערכה הקודמת, המטבח והחלל הציבורי אינם חלשים; החיסרון המרכזי הוא כמות שטח החוץ, לא איכות התכנון הפנימי.","חלל ציבורי כ־5.70×5.38 מ׳; חדרים כ־2.95×3.96 מ׳ וכ־2.89×3.42 מ׳; מרפסת כ־7.4 מ״ר, ברוחב כ־2.4 מ׳ ובצורה מלבנית.","7.4 מ״ר בלבד, אך הצורה מלבנית ועומק של כ־2.4 מ׳ הופכים אותה לשימושית יותר ממרפסת ארוכה וצרה באותו שטח.",אור יום חזק; יש לבדוק הצללה ועומס חום,"קומה נמוכה-בינונית: שיפור ביחס לקומה 1, אך עדיין רגישה לרעש, פרטיות ועצים.","פונה דרומה לרחוב ההיקפי. אין חזית בניין קרובה ישירות, אך רעש תנועה והולכי רגל משמעותי יותר בקומות הנמוכות.",ללא יתרון יחידה ייחודי מעבר לטיפוס ולמיקום הכללי,"קומה 2 עדיין נמוכה יחסית, אך עדיפה משמעותית על קומה 1 בפרטיות | חשיפה לרחוב היקפי/ראשי; יש לבצע בדיקת רעש בשעות עומס","תוכנית מכר חתומה ומידות נקיות סופיות | שיוך ומאפייני חניה ומחסן | מיקום חדר אשפה, מערכות, מעליות ופירים ביחס לדירה | בדיקת sightline בפועל/מודל תלת־ממד לפי הקומה | בדיקת רעש בשטח ובשעות פעילות",app/public/plans/apt_b1_10.png
1,11,1-11,2,1E,1E,4 חדרים,4,109.6,13.01,1,False,מערב - דרום,none,1711950,1788615,83,B+,0.6,66.2,-1.04,-0.44,30,C – חלשה יחסית בסגמנט,בינונית-גבוהה,"דירת 4 חדרים עם חלל ציבורי מצוין, מטבח גדול ומרפסת עמוקה. חדר ההורים טוב, אך שני חדרים משניים קומפקטיים ואחד מהם מופרד מהאגף העיקרי.",סלון כ־5.01×4.02 מ׳; מטבח כ־3.21×4.86 מ׳; מרפסת 13.01 מ״ר בעומק של כ־3 מ׳; חדר הורים ברוחב כ־2.95 מ׳ ובאורך קרוב ל־4.95 מ׳; חדרים משניים סביב 9.2–9.8 מ״ר.,"מרפסת 13 מ״ר עמוקה ומלבנית יחסית, עם יכולת אמיתית לאירוח ושולחן אוכל.","אור חזק ושקיעות, אך עומס חום אחר הצהריים","קומה נמוכה-בינונית: שיפור ביחס לקומה 1, אך עדיין רגישה לרעש, פרטיות ועצים.","פינת דרום-מערב מול רחובות היקפיים. פתיחות עירונית סבירה, אך תנועה ועומס חום מערבי; בקומות גבוהות הפתיחות משתפרת.",ללא יתרון יחידה ייחודי מעבר לטיפוס ולמיקום הכללי,"קומה 2 עדיין נמוכה יחסית, אך עדיפה משמעותית על קומה 1 בפרטיות | חשיפה לרחוב היקפי/ראשי; יש לבצע בדיקת רעש בשעות עומס","תוכנית מכר חתומה ומידות נקיות סופיות | שיוך ומאפייני חניה ומחסן | מיקום חדר אשפה, מערכות, מעליות ופירים ביחס לדירה | בדיקת sightline בפועל/מודל תלת־ממד לפי הקומה | בדיקת רעש בשטח ובשעות פעילות",app/public/plans/apt_b1_11.png
1,12,1-12,3,1A,1A,3 חדרים גדולה,3,87.77,21.67,2,False,מערב - צפון,none,1371044,1432443,82,B+,0.4,67.2,-0.86,-0.46,11,C – חלשה יחסית בסגמנט,בינונית-גבוהה,"דירת 3 חדרים גדולה ונוחה מאוד, עם חלל ציבורי נדיב ושני חדרים בגודל מלא. חלק מהשטח החיצוני מפוצל ומרפסת הסלון צרה, ולכן השטח הרשום הגבוה אינו כולו שווה באותה מידה לקונה.",חלל ציבורי פתוח ברוחב עד כ־5.76 מ׳; חדרים כ־2.92×3.47 מ׳ וכ־3.29×3.76 מ׳; מרפסת סלון כ־6.36×1.59 מ׳; מרפסת מעוגלת נוספת כ־9.8 מ״ר.,"סה״כ 21.67 מ״ר בשתי מרפסות. מרפסת הסלון ארוכה וצרה; המרפסת המעוגלת עמוקה יותר אך מחוברת לחדר שינה. יש ערך ייחודי, אך פחות ממשטח חוץ אחד גדול ושימושי.","קרירה ומוצלת יותר, אך עלולה להיות חשוכה יחסית בחלק מהיום","קומת ביניים: נקודת בסיס טובה בין נגישות, פרטיות ופתיחות.",החזית המערבית פונה לרחוב; הצפון פונה לכיוון בניין 3 והמרחב הפנימי. אין נוף פארק. יחידות נמוכות חשופות יותר לכביש ולחזיתות סמוכות.,ללא יתרון יחידה ייחודי מעבר לטיפוס ולמיקום הכללי,חשיפה לרחוב היקפי/ראשי; יש לבצע בדיקת רעש בשעות עומס | אחד הכיוונים פונה לאזור גן הילדים/המרחב הציבורי; רעש יום רלוונטי בעיקר בקומות נמוכות,"תוכנית מכר חתומה ומידות נקיות סופיות | שיוך ומאפייני חניה ומחסן | מיקום חדר אשפה, מערכות, מעליות ופירים ביחס לדירה | בדיקת sightline בפועל/מודל תלת־ממד לפי הקומה | בדיקת רעש בשטח ובשעות פעילות",app/public/plans/apt_b1_12.png
1,13,1-13,3,1B,1B,4 חדרים,4,107.95,11.88,1,False,מזרח - צפון,partial,1676693,1751779,79,B-,-0.2,65.8,-1.12,-1.32,35,C – חלשה יחסית בסגמנט,בינונית,"תוכנית משפחתית טובה ומרווחת, עם חדר הורים נדיב ומערך שירות מלא. החלל הציבורי ארוך והמרפסת צרה; חדר אחד קומפקטי והזרימה פחות טבעית מהטיפוסים המובילים.",חלל ציבורי באורך כ־7.2 מ׳ וברוחב שימושי סביב 4.06 מ׳; הורים כ־4.43×2.95 מ׳; חדר נוסף כ־3.00×3.15 מ׳; ממ״ד כ־3.76×3.00 מ׳; מרפסת כ־6.35×1.59 מ׳.,"11.88 מ״ר רשומים, אך עומק של כ־1.59 מ׳. מתאימה לישיבה לאורך המרפסת; פחות נוחה לשולחן משפחתי רחב.",אור בוקר וטמפרטורה מתונה יחסית; פחות שמש דרומית,"קומת ביניים: נקודת בסיס טובה בין נגישות, פרטיות ופתיחות.",המזרח פונה דרך המתחם לכיוון בניין 2 ולכן אינו קו נוף פארק ישיר. הכיוון הצפוני פונה לאזור גן הילדים/המרחב הפנימי; בקומות נמוכות צפויים יותר רעש יום ופרטיות מופחתת.,ללא יתרון יחידה ייחודי מעבר לטיפוס ולמיקום הכללי,הפתיחות המזרחית חלקית בלבד בגלל מבני הפרויקט שממול; אין לתמחר כנוף פארק מלא | אחד הכיוונים פונה לאזור גן הילדים/המרחב הציבורי; רעש יום רלוונטי בעיקר בקומות נמוכות,"תוכנית מכר חתומה ומידות נקיות סופיות | שיוך ומאפייני חניה ומחסן | מיקום חדר אשפה, מערכות, מעליות ופירים ביחס לדירה | בדיקת sightline בפועל/מודל תלת־ממד לפי הקומה | בדיקת רעש בשטח ובשעות פעילות | מרחק מדויק וחלונות נגדיים בבניין 2/3",app/public/plans/apt_b1_13.png
1,14,1-14,3,1C,1C,3 חדרים קומפקטית,3,79.72,13.6,1,False,מזרח - דרום,partial,1188348,1241566,81,B,0.2,69.0,-0.54,-0.34,13,B – טובה/ממוצעת בסגמנט,בינונית,"אחת מתוכניות ה־3 חדרים היעילות ביותר: כמעט כל השטח עובד, המרפסת עמוקה ומרובעת, ושני החדרים בגודל סביר. המטבח קומפקטי ואין סוויטת הורים.","חלל ציבורי ברוחב כולל כ־5.83 מ׳; חדרים כ־2.95×3.98 מ׳ וכ־3.54×2.95 מ׳; מרפסת כ־13.6 מ״ר, בעומק קרוב ל־4 מ׳.","מרפסת כ־13.6 מ״ר בעלת פרופורציות עמוקות ומרובעות יחסית — שימושית לאוכל, אירוח ופינת ישיבה.","אור בוקר ודרום; איזון טוב יחסית, בכפוף להצללה בפועל","קומת ביניים: נקודת בסיס טובה בין נגישות, פרטיות ופתיחות.","חזית מזרחית-דרומית, אך המזרח מוסתר חלקית על ידי בניין 2. הדרום פונה לרחוב; בקומות נמוכות יש שילוב של כביש וקרבה למתחם.",ללא יתרון יחידה ייחודי מעבר לטיפוס ולמיקום הכללי,הפתיחות המזרחית חלקית בלבד בגלל מבני הפרויקט שממול; אין לתמחר כנוף פארק מלא,"תוכנית מכר חתומה ומידות נקיות סופיות | שיוך ומאפייני חניה ומחסן | מיקום חדר אשפה, מערכות, מעליות ופירים ביחס לדירה | בדיקת sightline בפועל/מודל תלת־ממד לפי הקומה | בדיקת רעש בשטח ובשעות פעילות | מרחק מדויק וחלונות נגדיים בבניין 2/3",app/public/plans/apt_b1_14.png
1,15,1-15,3,1D,1D,3 חדרים קומפקטית,3,78.78,7.4,1,False,דרום,none,1148642,1200081,83,B+,0.6,71.8,-0.04,0.56,7,A – יחידה חזקה בסגמנט,בינונית-גבוהה,"תוכנית פנימית יעילה ומאוזנת מאוד. בניגוד להערכה הקודמת, המטבח והחלל הציבורי אינם חלשים; החיסרון המרכזי הוא כמות שטח החוץ, לא איכות התכנון הפנימי.","חלל ציבורי כ־5.70×5.38 מ׳; חדרים כ־2.95×3.96 מ׳ וכ־2.89×3.42 מ׳; מרפסת כ־7.4 מ״ר, ברוחב כ־2.4 מ׳ ובצורה מלבנית.","7.4 מ״ר בלבד, אך הצורה מלבנית ועומק של כ־2.4 מ׳ הופכים אותה לשימושית יותר ממרפסת ארוכה וצרה באותו שטח.",אור יום חזק; יש לבדוק הצללה ועומס חום,"קומת ביניים: נקודת בסיס טובה בין נגישות, פרטיות ופתיחות.","פונה דרומה לרחוב ההיקפי. אין חזית בניין קרובה ישירות, אך רעש תנועה והולכי רגל משמעותי יותר בקומות הנמוכות.",ללא יתרון יחידה ייחודי מעבר לטיפוס ולמיקום הכללי,חשיפה לרחוב היקפי/ראשי; יש לבצע בדיקת רעש בשעות עומס,"תוכנית מכר חתומה ומידות נקיות סופיות | שיוך ומאפייני חניה ומחסן | מיקום חדר אשפה, מערכות, מעליות ופירים ביחס לדירה | בדיקת sightline בפועל/מודל תלת־ממד לפי הקומה | בדיקת רעש בשטח ובשעות פעילות",app/public/plans/apt_b1_15.png
1,16,1-16,3,1E,1E,4 חדרים,4,109.6,13.01,1,False,מערב - דרום,none,1711950,1788615,83,B+,0.6,70.4,-0.29,0.31,23,B – טובה/ממוצעת בסגמנט,בינונית-גבוהה,"דירת 4 חדרים עם חלל ציבורי מצוין, מטבח גדול ומרפסת עמוקה. חדר ההורים טוב, אך שני חדרים משניים קומפקטיים ואחד מהם מופרד מהאגף העיקרי.",סלון כ־5.01×4.02 מ׳; מטבח כ־3.21×4.86 מ׳; מרפסת 13.01 מ״ר בעומק של כ־3 מ׳; חדר הורים ברוחב כ־2.95 מ׳ ובאורך קרוב ל־4.95 מ׳; חדרים משניים סביב 9.2–9.8 מ״ר.,"מרפסת 13 מ״ר עמוקה ומלבנית יחסית, עם יכולת אמיתית לאירוח ושולחן אוכל.","אור חזק ושקיעות, אך עומס חום אחר הצהריים","קומת ביניים: נקודת בסיס טובה בין נגישות, פרטיות ופתיחות.","פינת דרום-מערב מול רחובות היקפיים. פתיחות עירונית סבירה, אך תנועה ועומס חום מערבי; בקומות גבוהות הפתיחות משתפרת.",ללא יתרון יחידה ייחודי מעבר לטיפוס ולמיקום הכללי,חשיפה לרחוב היקפי/ראשי; יש לבצע בדיקת רעש בשעות עומס,"תוכנית מכר חתומה ומידות נקיות סופיות | שיוך ומאפייני חניה ומחסן | מיקום חדר אשפה, מערכות, מעליות ופירים ביחס לדירה | בדיקת sightline בפועל/מודל תלת־ממד לפי הקומה | בדיקת רעש בשטח ובשעות פעילות",app/public/plans/apt_b1_16.png
1,17,1-17,4,1A,1A,3 חדרים גדולה,3,87.77,21.67,2,False,מערב - צפון,none,1371044,1432443,82,B+,0.4,70.8,-0.22,0.18,9,C – חלשה יחסית בסגמנט,בינונית-גבוהה,"דירת 3 חדרים גדולה ונוחה מאוד, עם חלל ציבורי נדיב ושני חדרים בגודל מלא. חלק מהשטח החיצוני מפוצל ומרפסת הסלון צרה, ולכן השטח הרשום הגבוה אינו כולו שווה באותה מידה לקונה.",חלל ציבורי פתוח ברוחב עד כ־5.76 מ׳; חדרים כ־2.92×3.47 מ׳ וכ־3.29×3.76 מ׳; מרפסת סלון כ־6.36×1.59 מ׳; מרפסת מעוגלת נוספת כ־9.8 מ״ר.,"סה״כ 21.67 מ״ר בשתי מרפסות. מרפסת הסלון ארוכה וצרה; המרפסת המעוגלת עמוקה יותר אך מחוברת לחדר שינה. יש ערך ייחודי, אך פחות ממשטח חוץ אחד גדול ושימושי.","קרירה ומוצלת יותר, אך עלולה להיות חשוכה יחסית בחלק מהיום","קומה בינונית-גבוהה: פרטיות ופתיחות טובות יותר, ללא תלות קיצונית בגובה.",החזית המערבית פונה לרחוב; הצפון פונה לכיוון בניין 3 והמרחב הפנימי. אין נוף פארק. יחידות נמוכות חשופות יותר לכביש ולחזיתות סמוכות.,ללא יתרון יחידה ייחודי מעבר לטיפוס ולמיקום הכללי,חשיפה לרחוב היקפי/ראשי; יש לבצע בדיקת רעש בשעות עומס | אחד הכיוונים פונה לאזור גן הילדים/המרחב הציבורי; רעש יום רלוונטי בעיקר בקומות נמוכות,"תוכנית מכר חתומה ומידות נקיות סופיות | שיוך ומאפייני חניה ומחסן | מיקום חדר אשפה, מערכות, מעליות ופירים ביחס לדירה | בדיקת sightline בפועל/מודל תלת־ממד לפי הקומה | בדיקת רעש בשטח ובשעות פעילות",app/public/plans/apt_b1_17.png
1,18,1-18,4,1B,1B,4 חדרים,4,107.95,11.88,1,False,מזרח - צפון,partial,1676693,1751779,79,B-,-0.2,68.8,-0.58,-0.78,32,C – חלשה יחסית בסגמנט,בינונית,"תוכנית משפחתית טובה ומרווחת, עם חדר הורים נדיב ומערך שירות מלא. החלל הציבורי ארוך והמרפסת צרה; חדר אחד קומפקטי והזרימה פחות טבעית מהטיפוסים המובילים.",חלל ציבורי באורך כ־7.2 מ׳ וברוחב שימושי סביב 4.06 מ׳; הורים כ־4.43×2.95 מ׳; חדר נוסף כ־3.00×3.15 מ׳; ממ״ד כ־3.76×3.00 מ׳; מרפסת כ־6.35×1.59 מ׳.,"11.88 מ״ר רשומים, אך עומק של כ־1.59 מ׳. מתאימה לישיבה לאורך המרפסת; פחות נוחה לשולחן משפחתי רחב.",אור בוקר וטמפרטורה מתונה יחסית; פחות שמש דרומית,"קומה בינונית-גבוהה: פרטיות ופתיחות טובות יותר, ללא תלות קיצונית בגובה.",המזרח פונה דרך המתחם לכיוון בניין 2 ולכן אינו קו נוף פארק ישיר. הכיוון הצפוני פונה לאזור גן הילדים/המרחב הפנימי; בקומות נמוכות צפויים יותר רעש יום ופרטיות מופחתת.,ללא יתרון יחידה ייחודי מעבר לטיפוס ולמיקום הכללי,הפתיחות המזרחית חלקית בלבד בגלל מבני הפרויקט שממול; אין לתמחר כנוף פארק מלא | אחד הכיוונים פונה לאזור גן הילדים/המרחב הציבורי; רעש יום רלוונטי בעיקר בקומות נמוכות,"תוכנית מכר חתומה ומידות נקיות סופיות | שיוך ומאפייני חניה ומחסן | מיקום חדר אשפה, מערכות, מעליות ופירים ביחס לדירה | בדיקת sightline בפועל/מודל תלת־ממד לפי הקומה | בדיקת רעש בשטח ובשעות פעילות | מרחק מדויק וחלונות נגדיים בבניין 2/3",app/public/plans/apt_b1_18.png
1,19,1-19,4,1C,1C,3 חדרים קומפקטית,3,79.72,13.6,1,False,מזרח - דרום,partial,1188348,1241566,81,B,0.2,72.0,0.0,0.2,10,B – טובה/ממוצעת בסגמנט,בינונית,"אחת מתוכניות ה־3 חדרים היעילות ביותר: כמעט כל השטח עובד, המרפסת עמוקה ומרובעת, ושני החדרים בגודל סביר. המטבח קומפקטי ואין סוויטת הורים.","חלל ציבורי ברוחב כולל כ־5.83 מ׳; חדרים כ־2.95×3.98 מ׳ וכ־3.54×2.95 מ׳; מרפסת כ־13.6 מ״ר, בעומק קרוב ל־4 מ׳.","מרפסת כ־13.6 מ״ר בעלת פרופורציות עמוקות ומרובעות יחסית — שימושית לאוכל, אירוח ופינת ישיבה.","אור בוקר ודרום; איזון טוב יחסית, בכפוף להצללה בפועל","קומה בינונית-גבוהה: פרטיות ופתיחות טובות יותר, ללא תלות קיצונית בגובה.","חזית מזרחית-דרומית, אך המזרח מוסתר חלקית על ידי בניין 2. הדרום פונה לרחוב; בקומות נמוכות יש שילוב של כביש וקרבה למתחם.",ללא יתרון יחידה ייחודי מעבר לטיפוס ולמיקום הכללי,הפתיחות המזרחית חלקית בלבד בגלל מבני הפרויקט שממול; אין לתמחר כנוף פארק מלא,"תוכנית מכר חתומה ומידות נקיות סופיות | שיוך ומאפייני חניה ומחסן | מיקום חדר אשפה, מערכות, מעליות ופירים ביחס לדירה | בדיקת sightline בפועל/מודל תלת־ממד לפי הקומה | בדיקת רעש בשטח ובשעות פעילות | מרחק מדויק וחלונות נגדיים בבניין 2/3",app/public/plans/apt_b1_19.png
1,20,1-20,4,1D,1D,3 חדרים קומפקטית,3,78.78,7.4,1,False,דרום,none,1148642,1200081,83,B+,0.6,75.4,0.61,1.21,3,A – יחידה חזקה בסגמנט,בינונית-גבוהה,"תוכנית פנימית יעילה ומאוזנת מאוד. בניגוד להערכה הקודמת, המטבח והחלל הציבורי אינם חלשים; החיסרון המרכזי הוא כמות שטח החוץ, לא איכות התכנון הפנימי.","חלל ציבורי כ־5.70×5.38 מ׳; חדרים כ־2.95×3.96 מ׳ וכ־2.89×3.42 מ׳; מרפסת כ־7.4 מ״ר, ברוחב כ־2.4 מ׳ ובצורה מלבנית.","7.4 מ״ר בלבד, אך הצורה מלבנית ועומק של כ־2.4 מ׳ הופכים אותה לשימושית יותר ממרפסת ארוכה וצרה באותו שטח.",אור יום חזק; יש לבדוק הצללה ועומס חום,"קומה בינונית-גבוהה: פרטיות ופתיחות טובות יותר, ללא תלות קיצונית בגובה.","פונה דרומה לרחוב ההיקפי. אין חזית בניין קרובה ישירות, אך רעש תנועה והולכי רגל משמעותי יותר בקומות הנמוכות.",ללא יתרון יחידה ייחודי מעבר לטיפוס ולמיקום הכללי,חשיפה לרחוב היקפי/ראשי; יש לבצע בדיקת רעש בשעות עומס,"תוכנית מכר חתומה ומידות נקיות סופיות | שיוך ומאפייני חניה ומחסן | מיקום חדר אשפה, מערכות, מעליות ופירים ביחס לדירה | בדיקת sightline בפועל/מודל תלת־ממד לפי הקומה | בדיקת רעש בשטח ובשעות פעילות",app/public/plans/apt_b1_20.png
1,21,1-21,4,1E,1E,4 חדרים,4,109.6,13.01,1,False,מערב - דרום,none,1711950,1788615,83,B+,0.6,74.0,0.36,0.96,19,B – טובה/ממוצעת בסגמנט,בינונית-גבוהה,"דירת 4 חדרים עם חלל ציבורי מצוין, מטבח גדול ומרפסת עמוקה. חדר ההורים טוב, אך שני חדרים משניים קומפקטיים ואחד מהם מופרד מהאגף העיקרי.",סלון כ־5.01×4.02 מ׳; מטבח כ־3.21×4.86 מ׳; מרפסת 13.01 מ״ר בעומק של כ־3 מ׳; חדר הורים ברוחב כ־2.95 מ׳ ובאורך קרוב ל־4.95 מ׳; חדרים משניים סביב 9.2–9.8 מ״ר.,"מרפסת 13 מ״ר עמוקה ומלבנית יחסית, עם יכולת אמיתית לאירוח ושולחן אוכל.","אור חזק ושקיעות, אך עומס חום אחר הצהריים","קומה בינונית-גבוהה: פרטיות ופתיחות טובות יותר, ללא תלות קיצונית בגובה.","פינת דרום-מערב מול רחובות היקפיים. פתיחות עירונית סבירה, אך תנועה ועומס חום מערבי; בקומות גבוהות הפתיחות משתפרת.",ללא יתרון יחידה ייחודי מעבר לטיפוס ולמיקום הכללי,חשיפה לרחוב היקפי/ראשי; יש לבצע בדיקת רעש בשעות עומס,"תוכנית מכר חתומה ומידות נקיות סופיות | שיוך ומאפייני חניה ומחסן | מיקום חדר אשפה, מערכות, מעליות ופירים ביחס לדירה | בדיקת sightline בפועל/מודל תלת־ממד לפי הקומה | בדיקת רעש בשטח ובשעות פעילות",app/public/plans/apt_b1_21.png
1,22,1-22,5,1A,1A,3 חדרים גדולה,3,87.77,21.67,2,False,מערב - צפון,none,1371044,1432443,82,B+,0.4,73.8,0.32,0.72,8,B – טובה/ממוצעת בסגמנט,בינונית-גבוהה,"דירת 3 חדרים גדולה ונוחה מאוד, עם חלל ציבורי נדיב ושני חדרים בגודל מלא. חלק מהשטח החיצוני מפוצל ומרפסת הסלון צרה, ולכן השטח הרשום הגבוה אינו כולו שווה באותה מידה לקונה.",חלל ציבורי פתוח ברוחב עד כ־5.76 מ׳; חדרים כ־2.92×3.47 מ׳ וכ־3.29×3.76 מ׳; מרפסת סלון כ־6.36×1.59 מ׳; מרפסת מעוגלת נוספת כ־9.8 מ״ר.,"סה״כ 21.67 מ״ר בשתי מרפסות. מרפסת הסלון ארוכה וצרה; המרפסת המעוגלת עמוקה יותר אך מחוברת לחדר שינה. יש ערך ייחודי, אך פחות ממשטח חוץ אחד גדול ושימושי.","קרירה ומוצלת יותר, אך עלולה להיות חשוכה יחסית בחלק מהיום","קומה גבוהה יחסית בפרויקט: פרטיות, אור ופתיחות טובים; יש לבדוק רוח.",החזית המערבית פונה לרחוב; הצפון פונה לכיוון בניין 3 והמרחב הפנימי. אין נוף פארק. יחידות נמוכות חשופות יותר לכביש ולחזיתות סמוכות.,"קומה גבוהה יחסית משפרת פרטיות, אור ופתיחות",חשיפה לרחוב היקפי/ראשי; יש לבצע בדיקת רעש בשעות עומס | אחד הכיוונים פונה לאזור גן הילדים/המרחב הציבורי; רעש יום רלוונטי בעיקר בקומות נמוכות,"תוכנית מכר חתומה ומידות נקיות סופיות | שיוך ומאפייני חניה ומחסן | מיקום חדר אשפה, מערכות, מעליות ופירים ביחס לדירה | בדיקת sightline בפועל/מודל תלת־ממד לפי הקומה | בדיקת רעש בשטח ובשעות פעילות",app/public/plans/apt_b1_22.png
1,23,1-23,5,1B,1B,4 חדרים,4,107.95,11.88,1,False,מזרח - צפון,partial,1676693,1751779,79,B-,-0.2,71.4,-0.11,-0.31,28,C – חלשה יחסית בסגמנט,בינונית,"תוכנית משפחתית טובה ומרווחת, עם חדר הורים נדיב ומערך שירות מלא. החלל הציבורי ארוך והמרפסת צרה; חדר אחד קומפקטי והזרימה פחות טבעית מהטיפוסים המובילים.",חלל ציבורי באורך כ־7.2 מ׳ וברוחב שימושי סביב 4.06 מ׳; הורים כ־4.43×2.95 מ׳; חדר נוסף כ־3.00×3.15 מ׳; ממ״ד כ־3.76×3.00 מ׳; מרפסת כ־6.35×1.59 מ׳.,"11.88 מ״ר רשומים, אך עומק של כ־1.59 מ׳. מתאימה לישיבה לאורך המרפסת; פחות נוחה לשולחן משפחתי רחב.",אור בוקר וטמפרטורה מתונה יחסית; פחות שמש דרומית,"קומה גבוהה יחסית בפרויקט: פרטיות, אור ופתיחות טובים; יש לבדוק רוח.",המזרח פונה דרך המתחם לכיוון בניין 2 ולכן אינו קו נוף פארק ישיר. הכיוון הצפוני פונה לאזור גן הילדים/המרחב הפנימי; בקומות נמוכות צפויים יותר רעש יום ופרטיות מופחתת.,"קומה גבוהה יחסית משפרת פרטיות, אור ופתיחות",הפתיחות המזרחית חלקית בלבד בגלל מבני הפרויקט שממול; אין לתמחר כנוף פארק מלא | אחד הכיוונים פונה לאזור גן הילדים/המרחב הציבורי; רעש יום רלוונטי בעיקר בקומות נמוכות,"תוכנית מכר חתומה ומידות נקיות סופיות | שיוך ומאפייני חניה ומחסן | מיקום חדר אשפה, מערכות, מעליות ופירים ביחס לדירה | בדיקת sightline בפועל/מודל תלת־ממד לפי הקומה | בדיקת רעש בשטח ובשעות פעילות | מרחק מדויק וחלונות נגדיים בבניין 2/3",app/public/plans/apt_b1_23.png
1,24,1-24,5,1C,1C,3 חדרים קומפקטית,3,79.72,13.6,1,False,מזרח - דרום,partial,1188348,1241566,81,B,0.2,74.6,0.47,0.67,6,A – יחידה חזקה בסגמנט,בינונית,"אחת מתוכניות ה־3 חדרים היעילות ביותר: כמעט כל השטח עובד, המרפסת עמוקה ומרובעת, ושני החדרים בגודל סביר. המטבח קומפקטי ואין סוויטת הורים.","חלל ציבורי ברוחב כולל כ־5.83 מ׳; חדרים כ־2.95×3.98 מ׳ וכ־3.54×2.95 מ׳; מרפסת כ־13.6 מ״ר, בעומק קרוב ל־4 מ׳.","מרפסת כ־13.6 מ״ר בעלת פרופורציות עמוקות ומרובעות יחסית — שימושית לאוכל, אירוח ופינת ישיבה.","אור בוקר ודרום; איזון טוב יחסית, בכפוף להצללה בפועל","קומה גבוהה יחסית בפרויקט: פרטיות, אור ופתיחות טובים; יש לבדוק רוח.","חזית מזרחית-דרומית, אך המזרח מוסתר חלקית על ידי בניין 2. הדרום פונה לרחוב; בקומות נמוכות יש שילוב של כביש וקרבה למתחם.","קומה גבוהה יחסית משפרת פרטיות, אור ופתיחות",הפתיחות המזרחית חלקית בלבד בגלל מבני הפרויקט שממול; אין לתמחר כנוף פארק מלא,"תוכנית מכר חתומה ומידות נקיות סופיות | שיוך ומאפייני חניה ומחסן | מיקום חדר אשפה, מערכות, מעליות ופירים ביחס לדירה | בדיקת sightline בפועל/מודל תלת־ממד לפי הקומה | בדיקת רעש בשטח ובשעות פעילות | מרחק מדויק וחלונות נגדיים בבניין 2/3",app/public/plans/apt_b1_24.png
1,25,1-25,5,1D,1D,3 חדרים קומפקטית,3,78.78,7.4,1,False,דרום,none,1148642,1200081,83,B+,0.6,78.6,1.19,1.79,2,A – יחידה חזקה בסגמנט,בינונית-גבוהה,"תוכנית פנימית יעילה ומאוזנת מאוד. בניגוד להערכה הקודמת, המטבח והחלל הציבורי אינם חלשים; החיסרון המרכזי הוא כמות שטח החוץ, לא איכות התכנון הפנימי.","חלל ציבורי כ־5.70×5.38 מ׳; חדרים כ־2.95×3.96 מ׳ וכ־2.89×3.42 מ׳; מרפסת כ־7.4 מ״ר, ברוחב כ־2.4 מ׳ ובצורה מלבנית.","7.4 מ״ר בלבד, אך הצורה מלבנית ועומק של כ־2.4 מ׳ הופכים אותה לשימושית יותר ממרפסת ארוכה וצרה באותו שטח.",אור יום חזק; יש לבדוק הצללה ועומס חום,"קומה גבוהה יחסית בפרויקט: פרטיות, אור ופתיחות טובים; יש לבדוק רוח.","פונה דרומה לרחוב ההיקפי. אין חזית בניין קרובה ישירות, אך רעש תנועה והולכי רגל משמעותי יותר בקומות הנמוכות.","קומה גבוהה יחסית משפרת פרטיות, אור ופתיחות",חשיפה לרחוב היקפי/ראשי; יש לבצע בדיקת רעש בשעות עומס,"תוכנית מכר חתומה ומידות נקיות סופיות | שיוך ומאפייני חניה ומחסן | מיקום חדר אשפה, מערכות, מעליות ופירים ביחס לדירה | בדיקת sightline בפועל/מודל תלת־ממד לפי הקומה | בדיקת רעש בשטח ובשעות פעילות",app/public/plans/apt_b1_25.png
1,26,1-26,5,1E,1E,4 חדרים,4,109.6,13.01,1,False,מערב - דרום,none,1711950,1788615,83,B+,0.6,77.2,0.94,1.54,13,B – טובה/ממוצעת בסגמנט,בינונית-גבוהה,"דירת 4 חדרים עם חלל ציבורי מצוין, מטבח גדול ומרפסת עמוקה. חדר ההורים טוב, אך שני חדרים משניים קומפקטיים ואחד מהם מופרד מהאגף העיקרי.",סלון כ־5.01×4.02 מ׳; מטבח כ־3.21×4.86 מ׳; מרפסת 13.01 מ״ר בעומק של כ־3 מ׳; חדר הורים ברוחב כ־2.95 מ׳ ובאורך קרוב ל־4.95 מ׳; חדרים משניים סביב 9.2–9.8 מ״ר.,"מרפסת 13 מ״ר עמוקה ומלבנית יחסית, עם יכולת אמיתית לאירוח ושולחן אוכל.","אור חזק ושקיעות, אך עומס חום אחר הצהריים","קומה גבוהה יחסית בפרויקט: פרטיות, אור ופתיחות טובים; יש לבדוק רוח.","פינת דרום-מערב מול רחובות היקפיים. פתיחות עירונית סבירה, אך תנועה ועומס חום מערבי; בקומות גבוהות הפתיחות משתפרת.","קומה גבוהה יחסית משפרת פרטיות, אור ופתיחות",חשיפה לרחוב היקפי/ראשי; יש לבצע בדיקת רעש בשעות עומס,"תוכנית מכר חתומה ומידות נקיות סופיות | שיוך ומאפייני חניה ומחסן | מיקום חדר אשפה, מערכות, מעליות ופירים ביחס לדירה | בדיקת sightline בפועל/מודל תלת־ממד לפי הקומה | בדיקת רעש בשטח ובשעות פעילות",app/public/plans/apt_b1_26.png
1,27,1-27,6,1A,1A,3 חדרים גדולה,3,87.77,21.67,2,False,מערב - צפון,none,1371044,1432443,82,B+,0.4,76.4,0.79,1.19,7,B – טובה/ממוצעת בסגמנט,בינונית-גבוהה,"דירת 3 חדרים גדולה ונוחה מאוד, עם חלל ציבורי נדיב ושני חדרים בגודל מלא. חלק מהשטח החיצוני מפוצל ומרפסת הסלון צרה, ולכן השטח הרשום הגבוה אינו כולו שווה באותה מידה לקונה.",חלל ציבורי פתוח ברוחב עד כ־5.76 מ׳; חדרים כ־2.92×3.47 מ׳ וכ־3.29×3.76 מ׳; מרפסת סלון כ־6.36×1.59 מ׳; מרפסת מעוגלת נוספת כ־9.8 מ״ר.,"סה״כ 21.67 מ״ר בשתי מרפסות. מרפסת הסלון ארוכה וצרה; המרפסת המעוגלת עמוקה יותר אך מחוברת לחדר שינה. יש ערך ייחודי, אך פחות ממשטח חוץ אחד גדול ושימושי.","קרירה ומוצלת יותר, אך עלולה להיות חשוכה יחסית בחלק מהיום",קומה גבוהה: פרטיות ופתיחות חזקות; תלות גדולה יותר במעלית ורוח אפשרית.,החזית המערבית פונה לרחוב; הצפון פונה לכיוון בניין 3 והמרחב הפנימי. אין נוף פארק. יחידות נמוכות חשופות יותר לכביש ולחזיתות סמוכות.,"קומה גבוהה יחסית משפרת פרטיות, אור ופתיחות",חשיפה לרחוב היקפי/ראשי; יש לבצע בדיקת רעש בשעות עומס | אחד הכיוונים פונה לאזור גן הילדים/המרחב הציבורי; רעש יום רלוונטי בעיקר בקומות נמוכות | בגובה זה יש לבדוק רוחות במרפסת ותלות במעליות; לא הונח שמדובר בקומה עליונה,"תוכנית מכר חתומה ומידות נקיות סופיות | שיוך ומאפייני חניה ומחסן | מיקום חדר אשפה, מערכות, מעליות ופירים ביחס לדירה | בדיקת sightline בפועל/מודל תלת־ממד לפי הקומה | בדיקת רעש בשטח ובשעות פעילות",app/public/plans/apt_b1_27.png
1,28,1-28,6,1B,1B,4 חדרים,4,107.95,11.88,1,False,מזרח - צפון,partial,1676693,1751779,79,B-,-0.2,73.6,0.29,0.09,27,C – חלשה יחסית בסגמנט,בינונית,"תוכנית משפחתית טובה ומרווחת, עם חדר הורים נדיב ומערך שירות מלא. החלל הציבורי ארוך והמרפסת צרה; חדר אחד קומפקטי והזרימה פחות טבעית מהטיפוסים המובילים.",חלל ציבורי באורך כ־7.2 מ׳ וברוחב שימושי סביב 4.06 מ׳; הורים כ־4.43×2.95 מ׳; חדר נוסף כ־3.00×3.15 מ׳; ממ״ד כ־3.76×3.00 מ׳; מרפסת כ־6.35×1.59 מ׳.,"11.88 מ״ר רשומים, אך עומק של כ־1.59 מ׳. מתאימה לישיבה לאורך המרפסת; פחות נוחה לשולחן משפחתי רחב.",אור בוקר וטמפרטורה מתונה יחסית; פחות שמש דרומית,קומה גבוהה: פרטיות ופתיחות חזקות; תלות גדולה יותר במעלית ורוח אפשרית.,המזרח פונה דרך המתחם לכיוון בניין 2 ולכן אינו קו נוף פארק ישיר. הכיוון הצפוני פונה לאזור גן הילדים/המרחב הפנימי; בקומות נמוכות צפויים יותר רעש יום ופרטיות מופחתת.,"קומה גבוהה יחסית משפרת פרטיות, אור ופתיחות",הפתיחות המזרחית חלקית בלבד בגלל מבני הפרויקט שממול; אין לתמחר כנוף פארק מלא | אחד הכיוונים פונה לאזור גן הילדים/המרחב הציבורי; רעש יום רלוונטי בעיקר בקומות נמוכות | בגובה זה יש לבדוק רוחות במרפסת ותלות במעליות; לא הונח שמדובר בקומה עליונה,"תוכנית מכר חתומה ומידות נקיות סופיות | שיוך ומאפייני חניה ומחסן | מיקום חדר אשפה, מערכות, מעליות ופירים ביחס לדירה | בדיקת sightline בפועל/מודל תלת־ממד לפי הקומה | בדיקת רעש בשטח ובשעות פעילות | מרחק מדויק וחלונות נגדיים בבניין 2/3",app/public/plans/apt_b1_28.png
1,29,1-29,6,1C,1C,3 חדרים קומפקטית,3,79.72,13.6,1,False,מזרח - דרום,partial,1188348,1241566,81,B,0.2,76.8,0.86,1.06,4,A – יחידה חזקה בסגמנט,בינונית,"אחת מתוכניות ה־3 חדרים היעילות ביותר: כמעט כל השטח עובד, המרפסת עמוקה ומרובעת, ושני החדרים בגודל סביר. המטבח קומפקטי ואין סוויטת הורים.","חלל ציבורי ברוחב כולל כ־5.83 מ׳; חדרים כ־2.95×3.98 מ׳ וכ־3.54×2.95 מ׳; מרפסת כ־13.6 מ״ר, בעומק קרוב ל־4 מ׳.","מרפסת כ־13.6 מ״ר בעלת פרופורציות עמוקות ומרובעות יחסית — שימושית לאוכל, אירוח ופינת ישיבה.","אור בוקר ודרום; איזון טוב יחסית, בכפוף להצללה בפועל",קומה גבוהה: פרטיות ופתיחות חזקות; תלות גדולה יותר במעלית ורוח אפשרית.,"חזית מזרחית-דרומית, אך המזרח מוסתר חלקית על ידי בניין 2. הדרום פונה לרחוב; בקומות נמוכות יש שילוב של כביש וקרבה למתחם.","קומה גבוהה יחסית משפרת פרטיות, אור ופתיחות",הפתיחות המזרחית חלקית בלבד בגלל מבני הפרויקט שממול; אין לתמחר כנוף פארק מלא | בגובה זה יש לבדוק רוחות במרפסת ותלות במעליות; לא הונח שמדובר בקומה עליונה,"תוכנית מכר חתומה ומידות נקיות סופיות | שיוך ומאפייני חניה ומחסן | מיקום חדר אשפה, מערכות, מעליות ופירים ביחס לדירה | בדיקת sightline בפועל/מודל תלת־ממד לפי הקומה | בדיקת רעש בשטח ובשעות פעילות | מרחק מדויק וחלונות נגדיים בבניין 2/3",app/public/plans/apt_b1_29.png
1,30,1-30,6,1D,1D,3 חדרים קומפקטית,3,78.78,7.4,1,False,דרום,none,1148642,1200081,83,B+,0.6,81.4,1.69,2.29,1,A – יחידה חזקה בסגמנט,בינונית-גבוהה,"תוכנית פנימית יעילה ומאוזנת מאוד. בניגוד להערכה הקודמת, המטבח והחלל הציבורי אינם חלשים; החיסרון המרכזי הוא כמות שטח החוץ, לא איכות התכנון הפנימי.","חלל ציבורי כ־5.70×5.38 מ׳; חדרים כ־2.95×3.96 מ׳ וכ־2.89×3.42 מ׳; מרפסת כ־7.4 מ״ר, ברוחב כ־2.4 מ׳ ובצורה מלבנית.","7.4 מ״ר בלבד, אך הצורה מלבנית ועומק של כ־2.4 מ׳ הופכים אותה לשימושית יותר ממרפסת ארוכה וצרה באותו שטח.",אור יום חזק; יש לבדוק הצללה ועומס חום,קומה גבוהה: פרטיות ופתיחות חזקות; תלות גדולה יותר במעלית ורוח אפשרית.,"פונה דרומה לרחוב ההיקפי. אין חזית בניין קרובה ישירות, אך רעש תנועה והולכי רגל משמעותי יותר בקומות הנמוכות.","קומה גבוהה יחסית משפרת פרטיות, אור ופתיחות",חשיפה לרחוב היקפי/ראשי; יש לבצע בדיקת רעש בשעות עומס | בגובה זה יש לבדוק רוחות במרפסת ותלות במעליות; לא הונח שמדובר בקומה עליונה,"תוכנית מכר חתומה ומידות נקיות סופיות | שיוך ומאפייני חניה ומחסן | מיקום חדר אשפה, מערכות, מעליות ופירים ביחס לדירה | בדיקת sightline בפועל/מודל תלת־ממד לפי הקומה | בדיקת רעש בשטח ובשעות פעילות",app/public/plans/apt_b1_30.png
1,32,1-32,7,1A,1A,3 חדרים גדולה,3,87.77,21.67,2,False,מערב - צפון,none,1371044,1432443,82,B+,0.4,78.0,1.08,1.48,5,B – טובה/ממוצעת בסגמנט,בינונית-גבוהה,"דירת 3 חדרים גדולה ונוחה מאוד, עם חלל ציבורי נדיב ושני חדרים בגודל מלא. חלק מהשטח החיצוני מפוצל ומרפסת הסלון צרה, ולכן השטח הרשום הגבוה אינו כולו שווה באותה מידה לקונה.",חלל ציבורי פתוח ברוחב עד כ־5.76 מ׳; חדרים כ־2.92×3.47 מ׳ וכ־3.29×3.76 מ׳; מרפסת סלון כ־6.36×1.59 מ׳; מרפסת מעוגלת נוספת כ־9.8 מ״ר.,"סה״כ 21.67 מ״ר בשתי מרפסות. מרפסת הסלון ארוכה וצרה; המרפסת המעוגלת עמוקה יותר אך מחוברת לחדר שינה. יש ערך ייחודי, אך פחות ממשטח חוץ אחד גדול ושימושי.","קרירה ומוצלת יותר, אך עלולה להיות חשוכה יחסית בחלק מהיום",קומה גבוהה מאוד במלאי מחיר המטרה: יתרון פרטיות ופתיחות; אינה בהכרח קומה עליונה בבניין.,החזית המערבית פונה לרחוב; הצפון פונה לכיוון בניין 3 והמרחב הפנימי. אין נוף פארק. יחידות נמוכות חשופות יותר לכביש ולחזיתות סמוכות.,"קומה גבוהה יחסית משפרת פרטיות, אור ופתיחות",חשיפה לרחוב היקפי/ראשי; יש לבצע בדיקת רעש בשעות עומס | אחד הכיוונים פונה לאזור גן הילדים/המרחב הציבורי; רעש יום רלוונטי בעיקר בקומות נמוכות | בגובה זה יש לבדוק רוחות במרפסת ותלות במעליות; לא הונח שמדובר בקומה עליונה,"תוכנית מכר חתומה ומידות נקיות סופיות | שיוך ומאפייני חניה ומחסן | מיקום חדר אשפה, מערכות, מעליות ופירים ביחס לדירה | בדיקת sightline בפועל/מודל תלת־ממד לפי הקומה | בדיקת רעש בשטח ובשעות פעילות",app/public/plans/apt_b1_32.png
1,33,1-33,7,1B,1B,4 חדרים,4,107.95,11.88,1,False,מזרח - צפון,partial,1676693,1751779,79,B-,-0.2,75.2,0.58,0.38,22,B – טובה/ממוצעת בסגמנט,בינונית,"תוכנית משפחתית טובה ומרווחת, עם חדר הורים נדיב ומערך שירות מלא. החלל הציבורי ארוך והמרפסת צרה; חדר אחד קומפקטי והזרימה פחות טבעית מהטיפוסים המובילים.",חלל ציבורי באורך כ־7.2 מ׳ וברוחב שימושי סביב 4.06 מ׳; הורים כ־4.43×2.95 מ׳; חדר נוסף כ־3.00×3.15 מ׳; ממ״ד כ־3.76×3.00 מ׳; מרפסת כ־6.35×1.59 מ׳.,"11.88 מ״ר רשומים, אך עומק של כ־1.59 מ׳. מתאימה לישיבה לאורך המרפסת; פחות נוחה לשולחן משפחתי רחב.",אור בוקר וטמפרטורה מתונה יחסית; פחות שמש דרומית,קומה גבוהה מאוד במלאי מחיר המטרה: יתרון פרטיות ופתיחות; אינה בהכרח קומה עליונה בבניין.,המזרח פונה דרך המתחם לכיוון בניין 2 ולכן אינו קו נוף פארק ישיר. הכיוון הצפוני פונה לאזור גן הילדים/המרחב הפנימי; בקומות נמוכות צפויים יותר רעש יום ופרטיות מופחתת.,"קומה גבוהה יחסית משפרת פרטיות, אור ופתיחות",הפתיחות המזרחית חלקית בלבד בגלל מבני הפרויקט שממול; אין לתמחר כנוף פארק מלא | אחד הכיוונים פונה לאזור גן הילדים/המרחב הציבורי; רעש יום רלוונטי בעיקר בקומות נמוכות | בגובה זה יש לבדוק רוחות במרפסת ותלות במעליות; לא הונח שמדובר בקומה עליונה,"תוכנית מכר חתומה ומידות נקיות סופיות | שיוך ומאפייני חניה ומחסן | מיקום חדר אשפה, מערכות, מעליות ופירים ביחס לדירה | בדיקת sightline בפועל/מודל תלת־ממד לפי הקומה | בדיקת רעש בשטח ובשעות פעילות | מרחק מדויק וחלונות נגדיים בבניין 2/3",app/public/plans/apt_b1_33.png
2,1,2-1,1,2A,2A,4 חדרים,4,107.49,11.89,1,False,מערב - צפון,none,1668592,1743316,84,A,0.8,57.4,-2.63,-1.83,37,C – חלשה יחסית בסגמנט,בינונית-גבוהה,"תוכנית משפחתית חזקה מאוד: חלל ציבורי גדול, שלושה חדרים שימושיים ומערך רחצה מלא. נקודות החולשה הן מבואת כניסה ארוכה ומרפסת סלון צרה.","חלל ציבורי כ־7.10×7.07 מ׳ באזור הרחב; חדרים כ־4.22×2.95 מ׳, 3.88×2.90 מ׳ ו־3.76×3.02 מ׳; מרפסת כ־6.36×1.59 מ׳.","11.89 מ״ר, אך בעומק כ־1.59 מ׳. שטח רב לאורך החזית, שימושיות בינונית לארוחה משפחתית.","קרירה ומוצלת יותר, אך עלולה להיות חשוכה יחסית בחלק מהיום","קומה נמוכה: פרטיות מופחתת, יותר רעש ומיסוך עצים/גינון; מעל קומת הכניסה אך עדיין קרובה לקרקע.","המערב והצפון פונים למרחב הפנימי, לבניינים 1 ו־3 ולסביבת גן הילדים. יחסית מוגנת מרעש כביש, אך עם חזיתות נגדיות ופעילות יום.",ללא יתרון יחידה ייחודי מעבר לטיפוס ולמיקום הכללי,"קומה 1 רגישה יותר לרעש, מבטים מהקרקע ומיסוך צמחייה | אחד הכיוונים פונה לאזור גן הילדים/המרחב הציבורי; רעש יום רלוונטי בעיקר בקומות נמוכות","תוכנית מכר חתומה ומידות נקיות סופיות | שיוך ומאפייני חניה ומחסן | מיקום חדר אשפה, מערכות, מעליות ופירים ביחס לדירה | בדיקת sightline בפועל/מודל תלת־ממד לפי הקומה | בדיקת רעש בשטח ובשעות פעילות",app/public/plans/apt_b2_1.png
2,2,2-2,1,2B,2B,3 חדרים גדולה,3,87.66,21.75,2,False,מזרח - צפון,full,1369520,1430850,81,B,0.2,71.8,-0.04,0.16,10,C – חלשה יחסית בסגמנט,בינונית,"דירת 3 חדרים גדולה ונוחה, כמעט תאומה של 1A. חדרים טובים וחלל ציבורי נדיב, אך שטח החוץ מפוצל ומרפסת הסלון צרה.",סלון ברוחב כ־5.77 מ׳; חדרים כ־2.92×3.46 מ׳ וכ־3.29×3.76 מ׳; מרפסת סלון כ־6.36×1.59 מ׳; מרפסת מעוגלת נוספת כ־9.86 מ״ר.,כ־21.75 מ״ר בשתי מרפסות; מרפסת הסלון צרה והמרפסת העמוקה מחוברת לחדר שינה.,אור בוקר וטמפרטורה מתונה יחסית; פחות שמש דרומית,"קומה נמוכה: פרטיות מופחתת, יותר רעש ומיסוך עצים/גינון; מעל קומת הכניסה אך עדיין קרובה לקרקע.",חזית מזרחית-צפונית פתוחה לכיוון הפארק. הצפון קרוב יותר לאזור גן הילדים/בית הספר; בקומות נמוכות עצים ופעילות ציבורית עשויים למסך ולהרעיש.,חזית עם נוף/פתיחות לפארק לפי נתוני הפרויקט,"בקומה נמוכה עצים, גינון ופעילות ציבורית עשויים למסך את הנוף ולהפחית פרטיות | קומה 1 רגישה יותר לרעש, מבטים מהקרקע ומיסוך צמחייה | אחד הכיוונים פונה לאזור גן הילדים/המרחב הציבורי; רעש יום רלוונטי בעיקר בקומות נמוכות","תוכנית מכר חתומה ומידות נקיות סופיות | שיוך ומאפייני חניה ומחסן | מיקום חדר אשפה, מערכות, מעליות ופירים ביחס לדירה | בדיקת sightline בפועל/מודל תלת־ממד לפי הקומה | בדיקת רעש בשטח ובשעות פעילות | גובה עצים והאם הפארק/המגרשים ממזרח מוגנים מבנייה עתידית",app/public/plans/apt_b2_2.png
2,3,2-3,1,2C,2C,4 חדרים,4,109.62,12.91,1,False,מזרח - דרום,full,1711772,1788430,82,B+,0.4,75.6,0.65,1.05,18,B – טובה/ממוצעת בסגמנט,בינונית,דירת 4 חדרים מרווחת עם סלון טוב ומרפסת עמוקה. חדר אחד גדול מאוד ושניים קומפקטיים יותר; המטבח ממוקם בצד החלל ופחות אינטגרלי מטיפוסים מובילים.,"סלון כ־5.87×4.02 מ׳; מרפסת 12.91 מ״ר, בערך 2.79–3.0×4.12 מ׳; חדרים כ־4.31×2.97 מ׳, 3.07×3.21 מ׳ ו־2.95×3.67 מ׳.",מרפסת עמוקה ומלבנית יחסית — אחת המרפסות השימושיות בפרויקט.,"אור בוקר ודרום; איזון טוב יחסית, בכפוף להצללה בפועל","קומה נמוכה: פרטיות מופחתת, יותר רעש ומיסוך עצים/גינון; מעל קומת הכניסה אך עדיין קרובה לקרקע.","חזית מזרחית-דרומית לכיוון הפארק והשטחים הפתוחים; זו אחת מחשיפות המיקום החזקות בפרויקט. הקומות הנמוכות עדיין מושפעות מעצים, דרך היקפית ופרטיות.",חזית עם נוף/פתיחות לפארק לפי נתוני הפרויקט,"בקומה נמוכה עצים, גינון ופעילות ציבורית עשויים למסך את הנוף ולהפחית פרטיות | קומה 1 רגישה יותר לרעש, מבטים מהקרקע ומיסוך צמחייה","תוכנית מכר חתומה ומידות נקיות סופיות | שיוך ומאפייני חניה ומחסן | מיקום חדר אשפה, מערכות, מעליות ופירים ביחס לדירה | בדיקת sightline בפועל/מודל תלת־ממד לפי הקומה | בדיקת רעש בשטח ובשעות פעילות | גובה עצים והאם הפארק/המגרשים ממזרח מוגנים מבנייה עתידית",app/public/plans/apt_b2_3.png
2,4,2-4,1,2D,2D,3 חדרים קומפקטית,3,78.65,7.35,1,False,דרום,none,1146586,1197933,82,B+,0.4,62.8,-1.66,-1.26,22,C – חלשה יחסית בסגמנט,בינונית-גבוהה,"תוכנית קומפקטית ויעילה מאוד, כמעט זהה ל־1D. החלל הציבורי רחב והחדרים עובדים; המרפסת קטנה אך בעלת צורה שימושית.",חלל ציבורי כ־5.70×5.38 מ׳; חדרים כ־2.95×3.96 מ׳ וכ־2.89×3.50 מ׳; מרפסת 7.35 מ״ר ברוחב כ־2.4 מ׳.,"מרפסת קטנה, אך מלבנית ולא מסדרונית. מתאימה לשולחן קטן או פינת ישיבה.",אור יום חזק; יש לבדוק הצללה ועומס חום,"קומה נמוכה: פרטיות מופחתת, יותר רעש ומיסוך עצים/גינון; מעל קומת הכניסה אך עדיין קרובה לקרקע.","פונה דרומה לרחוב ההיקפי. פתיחות עדיפה על חצר פנימית, אך רעש תנועה והולכי רגל בקומות נמוכות.",ללא יתרון יחידה ייחודי מעבר לטיפוס ולמיקום הכללי,"קומה 1 רגישה יותר לרעש, מבטים מהקרקע ומיסוך צמחייה | חשיפה לרחוב היקפי/ראשי; יש לבצע בדיקת רעש בשעות עומס","תוכנית מכר חתומה ומידות נקיות סופיות | שיוך ומאפייני חניה ומחסן | מיקום חדר אשפה, מערכות, מעליות ופירים ביחס לדירה | בדיקת sightline בפועל/מודל תלת־ממד לפי הקומה | בדיקת רעש בשטח ובשעות פעילות",app/public/plans/apt_b2_4.png
2,5,2-5,1,2E,2E,3 חדרים קומפקטית,3,79.9,13.83,1,False,מערב - דרום,none,1191879,1245255,81,B,0.2,60.0,-2.16,-1.96,26,C – חלשה יחסית בסגמנט,בינונית-גבוהה,"דירת 3 חדרים עם מרפסת מצוינת ומערך רחצה עשיר. החללים טובים, אך פיצול חדרי השינה וגרעין הרחצה המרכזי יוצרים פחות יעילות מתוכניות 1C/1D.",סלון/אוכל ברוחב כולל כ־5.83 מ׳; מטבח כ־2.58×3.86 מ׳; חדרים כ־3.54×3.57 מ׳ וכ־3.76×3.02 מ׳; מרפסת כ־3.44×4.04 מ׳.,"13.83 מ״ר בצורה כמעט ריבועית, עומק מעל 3.4 מ׳ — מרפסת שימושית מאוד.","אור חזק ושקיעות, אך עומס חום אחר הצהריים","קומה נמוכה: פרטיות מופחתת, יותר רעש ומיסוך עצים/גינון; מעל קומת הכניסה אך עדיין קרובה לקרקע.","המערב פונה לתוך המתחם/בניין 1 והדרום לרחוב. שילוב של פרטיות בינונית, פעילות חצר ורעש כביש.",ללא יתרון יחידה ייחודי מעבר לטיפוס ולמיקום הכללי,"קומה 1 רגישה יותר לרעש, מבטים מהקרקע ומיסוך צמחייה","תוכנית מכר חתומה ומידות נקיות סופיות | שיוך ומאפייני חניה ומחסן | מיקום חדר אשפה, מערכות, מעליות ופירים ביחס לדירה | בדיקת sightline בפועל/מודל תלת־ממד לפי הקומה | בדיקת רעש בשטח ובשעות פעילות",app/public/plans/apt_b2_5.png
2,6,2-6,2,2A,2A,4 חדרים,4,107.49,11.89,1,False,מערב - צפון,none,1668592,1743316,84,A,0.8,61.8,-1.84,-1.04,33,C – חלשה יחסית בסגמנט,בינונית-גבוהה,"תוכנית משפחתית חזקה מאוד: חלל ציבורי גדול, שלושה חדרים שימושיים ומערך רחצה מלא. נקודות החולשה הן מבואת כניסה ארוכה ומרפסת סלון צרה.","חלל ציבורי כ־7.10×7.07 מ׳ באזור הרחב; חדרים כ־4.22×2.95 מ׳, 3.88×2.90 מ׳ ו־3.76×3.02 מ׳; מרפסת כ־6.36×1.59 מ׳.","11.89 מ״ר, אך בעומק כ־1.59 מ׳. שטח רב לאורך החזית, שימושיות בינונית לארוחה משפחתית.","קרירה ומוצלת יותר, אך עלולה להיות חשוכה יחסית בחלק מהיום","קומה נמוכה-בינונית: שיפור ביחס לקומה 1, אך עדיין רגישה לרעש, פרטיות ועצים.","המערב והצפון פונים למרחב הפנימי, לבניינים 1 ו־3 ולסביבת גן הילדים. יחסית מוגנת מרעש כביש, אך עם חזיתות נגדיות ופעילות יום.",ללא יתרון יחידה ייחודי מעבר לטיפוס ולמיקום הכללי,"קומה 2 עדיין נמוכה יחסית, אך עדיפה משמעותית על קומה 1 בפרטיות | אחד הכיוונים פונה לאזור גן הילדים/המרחב הציבורי; רעש יום רלוונטי בעיקר בקומות נמוכות","תוכנית מכר חתומה ומידות נקיות סופיות | שיוך ומאפייני חניה ומחסן | מיקום חדר אשפה, מערכות, מעליות ופירים ביחס לדירה | בדיקת sightline בפועל/מודל תלת־ממד לפי הקומה | בדיקת רעש בשטח ובשעות פעילות",app/public/plans/apt_b2_6.png
2,7,2-7,2,2B,2B,3 חדרים גדולה,3,87.66,21.75,2,False,מזרח - צפון,full,1369520,1430850,81,B,0.2,78.4,1.15,1.35,6,B – טובה/ממוצעת בסגמנט,בינונית,"דירת 3 חדרים גדולה ונוחה, כמעט תאומה של 1A. חדרים טובים וחלל ציבורי נדיב, אך שטח החוץ מפוצל ומרפסת הסלון צרה.",סלון ברוחב כ־5.77 מ׳; חדרים כ־2.92×3.46 מ׳ וכ־3.29×3.76 מ׳; מרפסת סלון כ־6.36×1.59 מ׳; מרפסת מעוגלת נוספת כ־9.86 מ״ר.,כ־21.75 מ״ר בשתי מרפסות; מרפסת הסלון צרה והמרפסת העמוקה מחוברת לחדר שינה.,אור בוקר וטמפרטורה מתונה יחסית; פחות שמש דרומית,"קומה נמוכה-בינונית: שיפור ביחס לקומה 1, אך עדיין רגישה לרעש, פרטיות ועצים.",חזית מזרחית-צפונית פתוחה לכיוון הפארק. הצפון קרוב יותר לאזור גן הילדים/בית הספר; בקומות נמוכות עצים ופעילות ציבורית עשויים למסך ולהרעיש.,חזית עם נוף/פתיחות לפארק לפי נתוני הפרויקט,"בקומה נמוכה עצים, גינון ופעילות ציבורית עשויים למסך את הנוף ולהפחית פרטיות | קומה 2 עדיין נמוכה יחסית, אך עדיפה משמעותית על קומה 1 בפרטיות | אחד הכיוונים פונה לאזור גן הילדים/המרחב הציבורי; רעש יום רלוונטי בעיקר בקומות נמוכות","תוכנית מכר חתומה ומידות נקיות סופיות | שיוך ומאפייני חניה ומחסן | מיקום חדר אשפה, מערכות, מעליות ופירים ביחס לדירה | בדיקת sightline בפועל/מודל תלת־ממד לפי הקומה | בדיקת רעש בשטח ובשעות פעילות | גובה עצים והאם הפארק/המגרשים ממזרח מוגנים מבנייה עתידית",app/public/plans/apt_b2_7.png
2,8,2-8,2,2C,2C,4 חדרים,4,109.62,12.91,1,False,מזרח - דרום,full,1711772,1788430,82,B+,0.4,81.8,1.76,2.16,12,B – טובה/ממוצעת בסגמנט,בינונית,דירת 4 חדרים מרווחת עם סלון טוב ומרפסת עמוקה. חדר אחד גדול מאוד ושניים קומפקטיים יותר; המטבח ממוקם בצד החלל ופחות אינטגרלי מטיפוסים מובילים.,"סלון כ־5.87×4.02 מ׳; מרפסת 12.91 מ״ר, בערך 2.79–3.0×4.12 מ׳; חדרים כ־4.31×2.97 מ׳, 3.07×3.21 מ׳ ו־2.95×3.67 מ׳.",מרפסת עמוקה ומלבנית יחסית — אחת המרפסות השימושיות בפרויקט.,"אור בוקר ודרום; איזון טוב יחסית, בכפוף להצללה בפועל","קומה נמוכה-בינונית: שיפור ביחס לקומה 1, אך עדיין רגישה לרעש, פרטיות ועצים.","חזית מזרחית-דרומית לכיוון הפארק והשטחים הפתוחים; זו אחת מחשיפות המיקום החזקות בפרויקט. הקומות הנמוכות עדיין מושפעות מעצים, דרך היקפית ופרטיות.",חזית עם נוף/פתיחות לפארק לפי נתוני הפרויקט,"בקומה נמוכה עצים, גינון ופעילות ציבורית עשויים למסך את הנוף ולהפחית פרטיות | קומה 2 עדיין נמוכה יחסית, אך עדיפה משמעותית על קומה 1 בפרטיות","תוכנית מכר חתומה ומידות נקיות סופיות | שיוך ומאפייני חניה ומחסן | מיקום חדר אשפה, מערכות, מעליות ופירים ביחס לדירה | בדיקת sightline בפועל/מודל תלת־ממד לפי הקומה | בדיקת רעש בשטח ובשעות פעילות | גובה עצים והאם הפארק/המגרשים ממזרח מוגנים מבנייה עתידית",app/public/plans/apt_b2_8.png
2,9,2-9,2,2D,2D,3 חדרים קומפקטית,3,78.65,7.35,1,False,דרום,none,1146586,1197933,82,B+,0.4,67.6,-0.79,-0.39,14,B – טובה/ממוצעת בסגמנט,בינונית-גבוהה,"תוכנית קומפקטית ויעילה מאוד, כמעט זהה ל־1D. החלל הציבורי רחב והחדרים עובדים; המרפסת קטנה אך בעלת צורה שימושית.",חלל ציבורי כ־5.70×5.38 מ׳; חדרים כ־2.95×3.96 מ׳ וכ־2.89×3.50 מ׳; מרפסת 7.35 מ״ר ברוחב כ־2.4 מ׳.,"מרפסת קטנה, אך מלבנית ולא מסדרונית. מתאימה לשולחן קטן או פינת ישיבה.",אור יום חזק; יש לבדוק הצללה ועומס חום,"קומה נמוכה-בינונית: שיפור ביחס לקומה 1, אך עדיין רגישה לרעש, פרטיות ועצים.","פונה דרומה לרחוב ההיקפי. פתיחות עדיפה על חצר פנימית, אך רעש תנועה והולכי רגל בקומות נמוכות.",ללא יתרון יחידה ייחודי מעבר לטיפוס ולמיקום הכללי,"קומה 2 עדיין נמוכה יחסית, אך עדיפה משמעותית על קומה 1 בפרטיות | חשיפה לרחוב היקפי/ראשי; יש לבצע בדיקת רעש בשעות עומס","תוכנית מכר חתומה ומידות נקיות סופיות | שיוך ומאפייני חניה ומחסן | מיקום חדר אשפה, מערכות, מעליות ופירים ביחס לדירה | בדיקת sightline בפועל/מודל תלת־ממד לפי הקומה | בדיקת רעש בשטח ובשעות פעילות",app/public/plans/apt_b2_9.png
2,10,2-10,2,2E,2E,3 חדרים קומפקטית,3,79.9,13.83,1,False,מערב - דרום,none,1191879,1245255,81,B,0.2,64.6,-1.33,-1.13,21,C – חלשה יחסית בסגמנט,בינונית-גבוהה,"דירת 3 חדרים עם מרפסת מצוינת ומערך רחצה עשיר. החללים טובים, אך פיצול חדרי השינה וגרעין הרחצה המרכזי יוצרים פחות יעילות מתוכניות 1C/1D.",סלון/אוכל ברוחב כולל כ־5.83 מ׳; מטבח כ־2.58×3.86 מ׳; חדרים כ־3.54×3.57 מ׳ וכ־3.76×3.02 מ׳; מרפסת כ־3.44×4.04 מ׳.,"13.83 מ״ר בצורה כמעט ריבועית, עומק מעל 3.4 מ׳ — מרפסת שימושית מאוד.","אור חזק ושקיעות, אך עומס חום אחר הצהריים","קומה נמוכה-בינונית: שיפור ביחס לקומה 1, אך עדיין רגישה לרעש, פרטיות ועצים.","המערב פונה לתוך המתחם/בניין 1 והדרום לרחוב. שילוב של פרטיות בינונית, פעילות חצר ורעש כביש.",ללא יתרון יחידה ייחודי מעבר לטיפוס ולמיקום הכללי,"קומה 2 עדיין נמוכה יחסית, אך עדיפה משמעותית על קומה 1 בפרטיות","תוכנית מכר חתומה ומידות נקיות סופיות | שיוך ומאפייני חניה ומחסן | מיקום חדר אשפה, מערכות, מעליות ופירים ביחס לדירה | בדיקת sightline בפועל/מודל תלת־ממד לפי הקומה | בדיקת רעש בשטח ובשעות פעילות",app/public/plans/apt_b2_10.png
2,11,2-11,3,2A,2A,4 חדרים,4,107.49,11.89,1,False,מערב - צפון,none,1668592,1743316,84,A,0.8,65.6,-1.15,-0.35,29,C – חלשה יחסית בסגמנט,בינונית-גבוהה,"תוכנית משפחתית חזקה מאוד: חלל ציבורי גדול, שלושה חדרים שימושיים ומערך רחצה מלא. נקודות החולשה הן מבואת כניסה ארוכה ומרפסת סלון צרה.","חלל ציבורי כ־7.10×7.07 מ׳ באזור הרחב; חדרים כ־4.22×2.95 מ׳, 3.88×2.90 מ׳ ו־3.76×3.02 מ׳; מרפסת כ־6.36×1.59 מ׳.","11.89 מ״ר, אך בעומק כ־1.59 מ׳. שטח רב לאורך החזית, שימושיות בינונית לארוחה משפחתית.","קרירה ומוצלת יותר, אך עלולה להיות חשוכה יחסית בחלק מהיום","קומת ביניים: נקודת בסיס טובה בין נגישות, פרטיות ופתיחות.","המערב והצפון פונים למרחב הפנימי, לבניינים 1 ו־3 ולסביבת גן הילדים. יחסית מוגנת מרעש כביש, אך עם חזיתות נגדיות ופעילות יום.",ללא יתרון יחידה ייחודי מעבר לטיפוס ולמיקום הכללי,אחד הכיוונים פונה לאזור גן הילדים/המרחב הציבורי; רעש יום רלוונטי בעיקר בקומות נמוכות,"תוכנית מכר חתומה ומידות נקיות סופיות | שיוך ומאפייני חניה ומחסן | מיקום חדר אשפה, מערכות, מעליות ופירים ביחס לדירה | בדיקת sightline בפועל/מודל תלת־ממד לפי הקומה | בדיקת רעש בשטח ובשעות פעילות",app/public/plans/apt_b2_11.png
2,12,2-12,3,2B,2B,3 חדרים גדולה,3,87.66,21.75,2,False,מזרח - צפון,full,1369520,1430850,81,B,0.2,83.8,2.12,2.32,4,A – יחידה חזקה בסגמנט,בינונית,"דירת 3 חדרים גדולה ונוחה, כמעט תאומה של 1A. חדרים טובים וחלל ציבורי נדיב, אך שטח החוץ מפוצל ומרפסת הסלון צרה.",סלון ברוחב כ־5.77 מ׳; חדרים כ־2.92×3.46 מ׳ וכ־3.29×3.76 מ׳; מרפסת סלון כ־6.36×1.59 מ׳; מרפסת מעוגלת נוספת כ־9.86 מ״ר.,כ־21.75 מ״ר בשתי מרפסות; מרפסת הסלון צרה והמרפסת העמוקה מחוברת לחדר שינה.,אור בוקר וטמפרטורה מתונה יחסית; פחות שמש דרומית,"קומת ביניים: נקודת בסיס טובה בין נגישות, פרטיות ופתיחות.",חזית מזרחית-צפונית פתוחה לכיוון הפארק. הצפון קרוב יותר לאזור גן הילדים/בית הספר; בקומות נמוכות עצים ופעילות ציבורית עשויים למסך ולהרעיש.,חזית עם נוף/פתיחות לפארק לפי נתוני הפרויקט,"בקומה נמוכה עצים, גינון ופעילות ציבורית עשויים למסך את הנוף ולהפחית פרטיות | אחד הכיוונים פונה לאזור גן הילדים/המרחב הציבורי; רעש יום רלוונטי בעיקר בקומות נמוכות","תוכנית מכר חתומה ומידות נקיות סופיות | שיוך ומאפייני חניה ומחסן | מיקום חדר אשפה, מערכות, מעליות ופירים ביחס לדירה | בדיקת sightline בפועל/מודל תלת־ממד לפי הקומה | בדיקת רעש בשטח ובשעות פעילות | גובה עצים והאם הפארק/המגרשים ממזרח מוגנים מבנייה עתידית",app/public/plans/apt_b2_12.png
2,13,2-13,3,2C,2C,4 חדרים,4,109.62,12.91,1,False,מזרח - דרום,full,1711772,1788430,82,B+,0.4,87.2,2.74,3.14,9,A – יחידה חזקה בסגמנט,בינונית,דירת 4 חדרים מרווחת עם סלון טוב ומרפסת עמוקה. חדר אחד גדול מאוד ושניים קומפקטיים יותר; המטבח ממוקם בצד החלל ופחות אינטגרלי מטיפוסים מובילים.,"סלון כ־5.87×4.02 מ׳; מרפסת 12.91 מ״ר, בערך 2.79–3.0×4.12 מ׳; חדרים כ־4.31×2.97 מ׳, 3.07×3.21 מ׳ ו־2.95×3.67 מ׳.",מרפסת עמוקה ומלבנית יחסית — אחת המרפסות השימושיות בפרויקט.,"אור בוקר ודרום; איזון טוב יחסית, בכפוף להצללה בפועל","קומת ביניים: נקודת בסיס טובה בין נגישות, פרטיות ופתיחות.","חזית מזרחית-דרומית לכיוון הפארק והשטחים הפתוחים; זו אחת מחשיפות המיקום החזקות בפרויקט. הקומות הנמוכות עדיין מושפעות מעצים, דרך היקפית ופרטיות.",חזית עם נוף/פתיחות לפארק לפי נתוני הפרויקט,"בקומה נמוכה עצים, גינון ופעילות ציבורית עשויים למסך את הנוף ולהפחית פרטיות","תוכנית מכר חתומה ומידות נקיות סופיות | שיוך ומאפייני חניה ומחסן | מיקום חדר אשפה, מערכות, מעליות ופירים ביחס לדירה | בדיקת sightline בפועל/מודל תלת־ממד לפי הקומה | בדיקת רעש בשטח ובשעות פעילות | גובה עצים והאם הפארק/המגרשים ממזרח מוגנים מבנייה עתידית",app/public/plans/apt_b2_13.png
2,14,2-14,3,2D,2D,3 חדרים קומפקטית,3,78.65,7.35,1,False,דרום,none,1146586,1197933,82,B+,0.4,71.8,-0.04,0.36,8,A – יחידה חזקה בסגמנט,בינונית-גבוהה,"תוכנית קומפקטית ויעילה מאוד, כמעט זהה ל־1D. החלל הציבורי רחב והחדרים עובדים; המרפסת קטנה אך בעלת צורה שימושית.",חלל ציבורי כ־5.70×5.38 מ׳; חדרים כ־2.95×3.96 מ׳ וכ־2.89×3.50 מ׳; מרפסת 7.35 מ״ר ברוחב כ־2.4 מ׳.,"מרפסת קטנה, אך מלבנית ולא מסדרונית. מתאימה לשולחן קטן או פינת ישיבה.",אור יום חזק; יש לבדוק הצללה ועומס חום,"קומת ביניים: נקודת בסיס טובה בין נגישות, פרטיות ופתיחות.","פונה דרומה לרחוב ההיקפי. פתיחות עדיפה על חצר פנימית, אך רעש תנועה והולכי רגל בקומות נמוכות.",ללא יתרון יחידה ייחודי מעבר לטיפוס ולמיקום הכללי,חשיפה לרחוב היקפי/ראשי; יש לבצע בדיקת רעש בשעות עומס,"תוכנית מכר חתומה ומידות נקיות סופיות | שיוך ומאפייני חניה ומחסן | מיקום חדר אשפה, מערכות, מעליות ופירים ביחס לדירה | בדיקת sightline בפועל/מודל תלת־ממד לפי הקומה | בדיקת רעש בשטח ובשעות פעילות",app/public/plans/apt_b2_14.png
2,15,2-15,3,2E,2E,3 חדרים קומפקטית,3,79.9,13.83,1,False,מערב - דרום,none,1191879,1245255,81,B,0.2,68.6,-0.61,-0.41,15,B – טובה/ממוצעת בסגמנט,בינונית-גבוהה,"דירת 3 חדרים עם מרפסת מצוינת ומערך רחצה עשיר. החללים טובים, אך פיצול חדרי השינה וגרעין הרחצה המרכזי יוצרים פחות יעילות מתוכניות 1C/1D.",סלון/אוכל ברוחב כולל כ־5.83 מ׳; מטבח כ־2.58×3.86 מ׳; חדרים כ־3.54×3.57 מ׳ וכ־3.76×3.02 מ׳; מרפסת כ־3.44×4.04 מ׳.,"13.83 מ״ר בצורה כמעט ריבועית, עומק מעל 3.4 מ׳ — מרפסת שימושית מאוד.","אור חזק ושקיעות, אך עומס חום אחר הצהריים","קומת ביניים: נקודת בסיס טובה בין נגישות, פרטיות ופתיחות.","המערב פונה לתוך המתחם/בניין 1 והדרום לרחוב. שילוב של פרטיות בינונית, פעילות חצר ורעש כביש.",ללא יתרון יחידה ייחודי מעבר לטיפוס ולמיקום הכללי,,"תוכנית מכר חתומה ומידות נקיות סופיות | שיוך ומאפייני חניה ומחסן | מיקום חדר אשפה, מערכות, מעליות ופירים ביחס לדירה | בדיקת sightline בפועל/מודל תלת־ממד לפי הקומה | בדיקת רעש בשטח ובשעות פעילות",app/public/plans/apt_b2_15.png
2,16,2-16,4,2A,2A,4 חדרים,4,107.49,11.89,1,False,מערב - צפון,none,1668592,1743316,84,A,0.8,69.0,-0.54,0.26,24,C – חלשה יחסית בסגמנט,בינונית-גבוהה,"תוכנית משפחתית חזקה מאוד: חלל ציבורי גדול, שלושה חדרים שימושיים ומערך רחצה מלא. נקודות החולשה הן מבואת כניסה ארוכה ומרפסת סלון צרה.","חלל ציבורי כ־7.10×7.07 מ׳ באזור הרחב; חדרים כ־4.22×2.95 מ׳, 3.88×2.90 מ׳ ו־3.76×3.02 מ׳; מרפסת כ־6.36×1.59 מ׳.","11.89 מ״ר, אך בעומק כ־1.59 מ׳. שטח רב לאורך החזית, שימושיות בינונית לארוחה משפחתית.","קרירה ומוצלת יותר, אך עלולה להיות חשוכה יחסית בחלק מהיום","קומה בינונית-גבוהה: פרטיות ופתיחות טובות יותר, ללא תלות קיצונית בגובה.","המערב והצפון פונים למרחב הפנימי, לבניינים 1 ו־3 ולסביבת גן הילדים. יחסית מוגנת מרעש כביש, אך עם חזיתות נגדיות ופעילות יום.",ללא יתרון יחידה ייחודי מעבר לטיפוס ולמיקום הכללי,אחד הכיוונים פונה לאזור גן הילדים/המרחב הציבורי; רעש יום רלוונטי בעיקר בקומות נמוכות,"תוכנית מכר חתומה ומידות נקיות סופיות | שיוך ומאפייני חניה ומחסן | מיקום חדר אשפה, מערכות, מעליות ופירים ביחס לדירה | בדיקת sightline בפועל/מודל תלת־ממד לפי הקומה | בדיקת רעש בשטח ובשעות פעילות",app/public/plans/apt_b2_16.png
2,17,2-17,4,2B,2B,3 חדרים גדולה,3,87.66,21.75,2,False,מזרח - צפון,full,1369520,1430850,81,B,0.2,88.4,2.95,3.15,3,A – יחידה חזקה בסגמנט,בינונית,"דירת 3 חדרים גדולה ונוחה, כמעט תאומה של 1A. חדרים טובים וחלל ציבורי נדיב, אך שטח החוץ מפוצל ומרפסת הסלון צרה.",סלון ברוחב כ־5.77 מ׳; חדרים כ־2.92×3.46 מ׳ וכ־3.29×3.76 מ׳; מרפסת סלון כ־6.36×1.59 מ׳; מרפסת מעוגלת נוספת כ־9.86 מ״ר.,כ־21.75 מ״ר בשתי מרפסות; מרפסת הסלון צרה והמרפסת העמוקה מחוברת לחדר שינה.,אור בוקר וטמפרטורה מתונה יחסית; פחות שמש דרומית,"קומה בינונית-גבוהה: פרטיות ופתיחות טובות יותר, ללא תלות קיצונית בגובה.",חזית מזרחית-צפונית פתוחה לכיוון הפארק. הצפון קרוב יותר לאזור גן הילדים/בית הספר; בקומות נמוכות עצים ופעילות ציבורית עשויים למסך ולהרעיש.,חזית עם נוף/פתיחות לפארק לפי נתוני הפרויקט | הקומה צפויה לממש היטב את יתרון הפארק מעל חלק ניכר מהגינון,אחד הכיוונים פונה לאזור גן הילדים/המרחב הציבורי; רעש יום רלוונטי בעיקר בקומות נמוכות,"תוכנית מכר חתומה ומידות נקיות סופיות | שיוך ומאפייני חניה ומחסן | מיקום חדר אשפה, מערכות, מעליות ופירים ביחס לדירה | בדיקת sightline בפועל/מודל תלת־ממד לפי הקומה | בדיקת רעש בשטח ובשעות פעילות | גובה עצים והאם הפארק/המגרשים ממזרח מוגנים מבנייה עתידית",app/public/plans/apt_b2_17.png
2,18,2-18,4,2C,2C,4 חדרים,4,109.61,12.91,1,False,מזרח - דרום,full,1711595,1788245,82,B+,0.4,91.2,3.46,3.86,5,A – יחידה חזקה בסגמנט,בינונית,דירת 4 חדרים מרווחת עם סלון טוב ומרפסת עמוקה. חדר אחד גדול מאוד ושניים קומפקטיים יותר; המטבח ממוקם בצד החלל ופחות אינטגרלי מטיפוסים מובילים.,"סלון כ־5.87×4.02 מ׳; מרפסת 12.91 מ״ר, בערך 2.79–3.0×4.12 מ׳; חדרים כ־4.31×2.97 מ׳, 3.07×3.21 מ׳ ו־2.95×3.67 מ׳.",מרפסת עמוקה ומלבנית יחסית — אחת המרפסות השימושיות בפרויקט.,"אור בוקר ודרום; איזון טוב יחסית, בכפוף להצללה בפועל","קומה בינונית-גבוהה: פרטיות ופתיחות טובות יותר, ללא תלות קיצונית בגובה.","חזית מזרחית-דרומית לכיוון הפארק והשטחים הפתוחים; זו אחת מחשיפות המיקום החזקות בפרויקט. הקומות הנמוכות עדיין מושפעות מעצים, דרך היקפית ופרטיות.",חזית עם נוף/פתיחות לפארק לפי נתוני הפרויקט | הקומה צפויה לממש היטב את יתרון הפארק מעל חלק ניכר מהגינון,,"תוכנית מכר חתומה ומידות נקיות סופיות | שיוך ומאפייני חניה ומחסן | מיקום חדר אשפה, מערכות, מעליות ופירים ביחס לדירה | בדיקת sightline בפועל/מודל תלת־ממד לפי הקומה | בדיקת רעש בשטח ובשעות פעילות | גובה עצים והאם הפארק/המגרשים ממזרח מוגנים מבנייה עתידית",app/public/plans/apt_b2_18.png
2,19,2-19,4,2D,2D,3 חדרים קומפקטית,3,78.65,7.35,1,False,דרום,none,1146586,1197933,82,B+,0.4,75.4,0.61,1.01,5,A – יחידה חזקה בסגמנט,בינונית-גבוהה,"תוכנית קומפקטית ויעילה מאוד, כמעט זהה ל־1D. החלל הציבורי רחב והחדרים עובדים; המרפסת קטנה אך בעלת צורה שימושית.",חלל ציבורי כ־5.70×5.38 מ׳; חדרים כ־2.95×3.96 מ׳ וכ־2.89×3.50 מ׳; מרפסת 7.35 מ״ר ברוחב כ־2.4 מ׳.,"מרפסת קטנה, אך מלבנית ולא מסדרונית. מתאימה לשולחן קטן או פינת ישיבה.",אור יום חזק; יש לבדוק הצללה ועומס חום,"קומה בינונית-גבוהה: פרטיות ופתיחות טובות יותר, ללא תלות קיצונית בגובה.","פונה דרומה לרחוב ההיקפי. פתיחות עדיפה על חצר פנימית, אך רעש תנועה והולכי רגל בקומות נמוכות.",ללא יתרון יחידה ייחודי מעבר לטיפוס ולמיקום הכללי,חשיפה לרחוב היקפי/ראשי; יש לבצע בדיקת רעש בשעות עומס,"תוכנית מכר חתומה ומידות נקיות סופיות | שיוך ומאפייני חניה ומחסן | מיקום חדר אשפה, מערכות, מעליות ופירים ביחס לדירה | בדיקת sightline בפועל/מודל תלת־ממד לפי הקומה | בדיקת רעש בשטח ובשעות פעילות",app/public/plans/apt_b2_19.png
2,20,2-20,4,2E,2E,3 חדרים קומפקטית,3,79.9,13.83,1,False,מערב - דרום,none,1191879,1245255,81,B,0.2,72.2,0.04,0.24,9,B – טובה/ממוצעת בסגמנט,בינונית-גבוהה,"דירת 3 חדרים עם מרפסת מצוינת ומערך רחצה עשיר. החללים טובים, אך פיצול חדרי השינה וגרעין הרחצה המרכזי יוצרים פחות יעילות מתוכניות 1C/1D.",סלון/אוכל ברוחב כולל כ־5.83 מ׳; מטבח כ־2.58×3.86 מ׳; חדרים כ־3.54×3.57 מ׳ וכ־3.76×3.02 מ׳; מרפסת כ־3.44×4.04 מ׳.,"13.83 מ״ר בצורה כמעט ריבועית, עומק מעל 3.4 מ׳ — מרפסת שימושית מאוד.","אור חזק ושקיעות, אך עומס חום אחר הצהריים","קומה בינונית-גבוהה: פרטיות ופתיחות טובות יותר, ללא תלות קיצונית בגובה.","המערב פונה לתוך המתחם/בניין 1 והדרום לרחוב. שילוב של פרטיות בינונית, פעילות חצר ורעש כביש.",ללא יתרון יחידה ייחודי מעבר לטיפוס ולמיקום הכללי,,"תוכנית מכר חתומה ומידות נקיות סופיות | שיוך ומאפייני חניה ומחסן | מיקום חדר אשפה, מערכות, מעליות ופירים ביחס לדירה | בדיקת sightline בפועל/מודל תלת־ממד לפי הקומה | בדיקת רעש בשטח ובשעות פעילות",app/public/plans/apt_b2_20.png
2,21,2-21,5,2A,2A,4 חדרים,4,107.41,11.89,1,False,מערב - צפון,none,1667174,1741834,84,A,0.8,71.8,-0.04,0.76,21,B – טובה/ממוצעת בסגמנט,בינונית-גבוהה,"תוכנית משפחתית חזקה מאוד: חלל ציבורי גדול, שלושה חדרים שימושיים ומערך רחצה מלא. נקודות החולשה הן מבואת כניסה ארוכה ומרפסת סלון צרה.","חלל ציבורי כ־7.10×7.07 מ׳ באזור הרחב; חדרים כ־4.22×2.95 מ׳, 3.88×2.90 מ׳ ו־3.76×3.02 מ׳; מרפסת כ־6.36×1.59 מ׳.","11.89 מ״ר, אך בעומק כ־1.59 מ׳. שטח רב לאורך החזית, שימושיות בינונית לארוחה משפחתית.","קרירה ומוצלת יותר, אך עלולה להיות חשוכה יחסית בחלק מהיום","קומה גבוהה יחסית בפרויקט: פרטיות, אור ופתיחות טובים; יש לבדוק רוח.","המערב והצפון פונים למרחב הפנימי, לבניינים 1 ו־3 ולסביבת גן הילדים. יחסית מוגנת מרעש כביש, אך עם חזיתות נגדיות ופעילות יום.","קומה גבוהה יחסית משפרת פרטיות, אור ופתיחות",אחד הכיוונים פונה לאזור גן הילדים/המרחב הציבורי; רעש יום רלוונטי בעיקר בקומות נמוכות,"תוכנית מכר חתומה ומידות נקיות סופיות | שיוך ומאפייני חניה ומחסן | מיקום חדר אשפה, מערכות, מעליות ופירים ביחס לדירה | בדיקת sightline בפועל/מודל תלת־ממד לפי הקומה | בדיקת רעש בשטח ובשעות פעילות",app/public/plans/apt_b2_21.png
2,22,2-22,5,2B,2B,3 חדרים גדולה,3,87.66,21.75,2,False,מזרח - צפון,full,1369520,1430850,81,B,0.2,91.6,3.53,3.73,2,A – יחידה חזקה בסגמנט,בינונית,"דירת 3 חדרים גדולה ונוחה, כמעט תאומה של 1A. חדרים טובים וחלל ציבורי נדיב, אך שטח החוץ מפוצל ומרפסת הסלון צרה.",סלון ברוחב כ־5.77 מ׳; חדרים כ־2.92×3.46 מ׳ וכ־3.29×3.76 מ׳; מרפסת סלון כ־6.36×1.59 מ׳; מרפסת מעוגלת נוספת כ־9.86 מ״ר.,כ־21.75 מ״ר בשתי מרפסות; מרפסת הסלון צרה והמרפסת העמוקה מחוברת לחדר שינה.,אור בוקר וטמפרטורה מתונה יחסית; פחות שמש דרומית,"קומה גבוהה יחסית בפרויקט: פרטיות, אור ופתיחות טובים; יש לבדוק רוח.",חזית מזרחית-צפונית פתוחה לכיוון הפארק. הצפון קרוב יותר לאזור גן הילדים/בית הספר; בקומות נמוכות עצים ופעילות ציבורית עשויים למסך ולהרעיש.,"חזית עם נוף/פתיחות לפארק לפי נתוני הפרויקט | הקומה צפויה לממש היטב את יתרון הפארק מעל חלק ניכר מהגינון | קומה גבוהה יחסית משפרת פרטיות, אור ופתיחות",אחד הכיוונים פונה לאזור גן הילדים/המרחב הציבורי; רעש יום רלוונטי בעיקר בקומות נמוכות,"תוכנית מכר חתומה ומידות נקיות סופיות | שיוך ומאפייני חניה ומחסן | מיקום חדר אשפה, מערכות, מעליות ופירים ביחס לדירה | בדיקת sightline בפועל/מודל תלת־ממד לפי הקומה | בדיקת רעש בשטח ובשעות פעילות | גובה עצים והאם הפארק/המגרשים ממזרח מוגנים מבנייה עתידית",app/public/plans/apt_b2_22.png
2,25,2-25,6,2A,2A,4 חדרים,4,107.41,11.89,1,False,מערב - צפון,none,1667174,1741834,84,A,0.8,74.2,0.4,1.2,17,B – טובה/ממוצעת בסגמנט,בינונית-גבוהה,"תוכנית משפחתית חזקה מאוד: חלל ציבורי גדול, שלושה חדרים שימושיים ומערך רחצה מלא. נקודות החולשה הן מבואת כניסה ארוכה ומרפסת סלון צרה.","חלל ציבורי כ־7.10×7.07 מ׳ באזור הרחב; חדרים כ־4.22×2.95 מ׳, 3.88×2.90 מ׳ ו־3.76×3.02 מ׳; מרפסת כ־6.36×1.59 מ׳.","11.89 מ״ר, אך בעומק כ־1.59 מ׳. שטח רב לאורך החזית, שימושיות בינונית לארוחה משפחתית.","קרירה ומוצלת יותר, אך עלולה להיות חשוכה יחסית בחלק מהיום",קומה גבוהה: פרטיות ופתיחות חזקות; תלות גדולה יותר במעלית ורוח אפשרית.,"המערב והצפון פונים למרחב הפנימי, לבניינים 1 ו־3 ולסביבת גן הילדים. יחסית מוגנת מרעש כביש, אך עם חזיתות נגדיות ופעילות יום.","קומה גבוהה יחסית משפרת פרטיות, אור ופתיחות",אחד הכיוונים פונה לאזור גן הילדים/המרחב הציבורי; רעש יום רלוונטי בעיקר בקומות נמוכות | בגובה זה יש לבדוק רוחות במרפסת ותלות במעליות; לא הונח שמדובר בקומה עליונה,"תוכנית מכר חתומה ומידות נקיות סופיות | שיוך ומאפייני חניה ומחסן | מיקום חדר אשפה, מערכות, מעליות ופירים ביחס לדירה | בדיקת sightline בפועל/מודל תלת־ממד לפי הקומה | בדיקת רעש בשטח ובשעות פעילות",app/public/plans/apt_b2_25.png
2,26,2-26,6,2B,2B,3 חדרים גדולה,3,87.66,21.75,2,False,מזרח - צפון,full,1369520,1430850,81,B,0.2,93.8,3.92,4.12,1,A – יחידה חזקה בסגמנט,בינונית,"דירת 3 חדרים גדולה ונוחה, כמעט תאומה של 1A. חדרים טובים וחלל ציבורי נדיב, אך שטח החוץ מפוצל ומרפסת הסלון צרה.",סלון ברוחב כ־5.77 מ׳; חדרים כ־2.92×3.46 מ׳ וכ־3.29×3.76 מ׳; מרפסת סלון כ־6.36×1.59 מ׳; מרפסת מעוגלת נוספת כ־9.86 מ״ר.,כ־21.75 מ״ר בשתי מרפסות; מרפסת הסלון צרה והמרפסת העמוקה מחוברת לחדר שינה.,אור בוקר וטמפרטורה מתונה יחסית; פחות שמש דרומית,קומה גבוהה: פרטיות ופתיחות חזקות; תלות גדולה יותר במעלית ורוח אפשרית.,חזית מזרחית-צפונית פתוחה לכיוון הפארק. הצפון קרוב יותר לאזור גן הילדים/בית הספר; בקומות נמוכות עצים ופעילות ציבורית עשויים למסך ולהרעיש.,"חזית עם נוף/פתיחות לפארק לפי נתוני הפרויקט | הקומה צפויה לממש היטב את יתרון הפארק מעל חלק ניכר מהגינון | קומה גבוהה יחסית משפרת פרטיות, אור ופתיחות",אחד הכיוונים פונה לאזור גן הילדים/המרחב הציבורי; רעש יום רלוונטי בעיקר בקומות נמוכות | בגובה זה יש לבדוק רוחות במרפסת ותלות במעליות; לא הונח שמדובר בקומה עליונה,"תוכנית מכר חתומה ומידות נקיות סופיות | שיוך ומאפייני חניה ומחסן | מיקום חדר אשפה, מערכות, מעליות ופירים ביחס לדירה | בדיקת sightline בפועל/מודל תלת־ממד לפי הקומה | בדיקת רעש בשטח ובשעות פעילות | גובה עצים והאם הפארק/המגרשים ממזרח מוגנים מבנייה עתידית",app/public/plans/apt_b2_26.png
3,1,3-1,0,3G1,3G-1,דירת גן 3 חדרים,3,77.22,0.0,0,True,מערב - צפון,none,1095039,1144078,81,B,0.2,50.2,-3.92,-3.72,1,A – יחידה חזקה בסגמנט,נמוכה,"דירת גן עם תוכנית פנימית טובה וחיבור ישיר לחצר גדולה ולרחבה מרוצפת. שווי המוצר תלוי מאוד בגודל החצר החוזי, בפרטיות ובמפלסים — נתונים שחייבים לאמת.",שטח פנימי 77.22 מ״ר; חלל ציבורי באורך כ־6.88 מ׳ וברוחב כ־3.73 מ׳ באזור הסלון; חדרים סביב 10–11 מ״ר; רחבה מרוצפת גדולה בצמוד לסלון.,"חצר פרטית רחבה ורחבה מרוצפת. שטח החצר אינו מופיע באופן מהימן בנתונים שבידינו; יש לבדוק הצמדות, מפלסים, גדרות ופתחי שירות.","קרירה ומוצלת יותר, אך עלולה להיות חשוכה יחסית בחלק מהיום","קומת קרקע: יתרון יציאה לחצר, מול חסרונות פרטיות, אבטחה, לחות, מזיקים ותחזוקה.","דירת גן בקרבת גבול המגרש הצפוני/מערבי. החצר נראית רחבה, אך יש לבדוק רמפה מקורה, רחוב, גדר, פרטיות ומפלסים.",ללא יתרון יחידה ייחודי מעבר לטיפוס ולמיקום הכללי,"שטח החצר וההצמדה אינם ידועים במלואם | נדרש תשריט הצמדות, גובה גדר, ניקוז, מפלסים ומיקום מערכות","תוכנית מכר חתומה ומידות נקיות סופיות | שיוך ומאפייני חניה ומחסן | מיקום חדר אשפה, מערכות, מעליות ופירים ביחס לדירה | בדיקת sightline בפועל/מודל תלת־ממד לפי הקומה | בדיקת רעש בשטח ובשעות פעילות | שטח חצר רשום ותשריט הצמדות | ניקוז, שיפועים, גדרות, הצללה וזכויות שימוש",app/public/plans/apt_b3_1.png
3,2,3-2,0,3G3,3G-2,דירת גן 3 חדרים,3,76.89,0.0,0,True,מערב,none,1090359,1139188,79,B-,-0.2,41.8,-4.0,-4.2,2,C – חלשה יחסית בסגמנט,נמוכה,"תוכנית פנימית סבירה, אך שטח החוץ של היחידה נראה כרצועה צרה לאורך גבול המגרש ולא כחצר מרכזית רחבה. לכן נדירות המוצר אינה מבטיחה פרמיה גבוהה.",שטח פנימי 76.89 מ״ר; חלל ציבורי באורך כ־5.70 מ׳ וברוחב כ־4.53–4.87 מ׳; ממ״ד כ־3.15×3.05 מ׳ וחדר נוסף כ־3.32×3.07 מ׳; רצועת חצר צרה לאורך החזית.,"החצר נראית צרה ומוארכת, חלקה סמוך לגדר ולמעברים. יש לבדוק רוחב נטו, רמפת חניה, שבילים וזיקות הנאה.","שמש וחום אחר הצהריים, ובחשיפה יחידה אין אוורור צולב משמעותי","קומת קרקע: יתרון יציאה לחצר, מול חסרונות פרטיות, אבטחה, לחות, מזיקים ותחזוקה.","החצר נמתחת לאורך הגבול המערבי והרחוב; חשיפה גבוהה לרעש, פרטיות נמוכה וגאומטריה מוגבלת. יש לבדוק קפיצות גובה, ניקוז וגדר.",ללא יתרון יחידה ייחודי מעבר לטיפוס ולמיקום הכללי,"שטח החצר וההצמדה אינם ידועים במלואם | נדרש תשריט הצמדות, גובה גדר, ניקוז, מפלסים ומיקום מערכות","תוכנית מכר חתומה ומידות נקיות סופיות | שיוך ומאפייני חניה ומחסן | מיקום חדר אשפה, מערכות, מעליות ופירים ביחס לדירה | בדיקת sightline בפועל/מודל תלת־ממד לפי הקומה | בדיקת רעש בשטח ובשעות פעילות | שטח חצר רשום ותשריט הצמדות | ניקוז, שיפועים, גדרות, הצללה וזכויות שימוש",app/public/plans/apt_b3_2.png
3,4,3-4,1,3A,3A,3 חדרים קומפקטית,3,79.97,13.5,1,False,מערב - צפון,none,1191468,1244825,79,B-,-0.2,58.0,-2.52,-2.72,28,C – חלשה יחסית בסגמנט,בינונית-גבוהה,"תוכנית מתפקדת עם מרפסת עמוקה וחדרים סבירים, אך החלל הציבורי ארוך וצר יחסית וגרעין השירות תופס חלק ניכר מהמרכז.","סלון ברוחב כ־3.72 מ׳ ובאורך כ־5.83 מ׳; חדרים כ־2.92×3.46 מ׳ וכ־3.86×2.95 מ׳; מרפסת כ־3.76×3.14 מ׳, 13.5 מ״ר.","מרפסת עמוקה ומרובעת יחסית, בעלת שימושיות גבוהה.","קרירה ומוצלת יותר, אך עלולה להיות חשוכה יחסית בחלק מהיום","קומה נמוכה: פרטיות מופחתת, יותר רעש ומיסוך עצים/גינון; מעל קומת הכניסה אך עדיין קרובה לקרקע.","המערב פונה לרחוב הראשי והצפון סמוך יותר לרמפה המקורה/בית הספר לפי תוכנית הפיתוח. יש לבדוק רעש רכב ומערכות, בעיקר בקומות נמוכות.",ללא יתרון יחידה ייחודי מעבר לטיפוס ולמיקום הכללי,"קומה 1 רגישה יותר לרעש, מבטים מהקרקע ומיסוך צמחייה | חשיפה לרחוב היקפי/ראשי; יש לבצע בדיקת רעש בשעות עומס | קרבה יחסית לצד הרמפה המקורה/בית הספר לפי תוכנית הפיתוח; נדרש אימות אקוסטי ומיקום מערכות","תוכנית מכר חתומה ומידות נקיות סופיות | שיוך ומאפייני חניה ומחסן | מיקום חדר אשפה, מערכות, מעליות ופירים ביחס לדירה | בדיקת sightline בפועל/מודל תלת־ממד לפי הקומה | בדיקת רעש בשטח ובשעות פעילות",app/public/plans/apt_b3_4.png
3,5,3-5,1,3B,3B,4 חדרים,4,107.43,14.0,1,False,מזרח - צפון,full,1678749,1753928,81,B,0.2,71.8,-0.04,0.16,26,C – חלשה יחסית בסגמנט,בינונית,"דירת 4 חדרים מרווחת עם סלון גדול וחדר הורים מצוין. חדר ילדים אחד קטן והמרפסת הגדולה רשומה אך צרה מאוד, כך שהשימושיות נמוכה מהשטח הנומינלי.",חלל ציבורי באורך כ־7.67 מ׳; חדר הורים כ־4.40×4.18 מ׳; חדר נוסף כ־3.30×2.85 מ׳; ממ״ד כ־2.95×3.66 מ׳; מרפסת כ־1.79×6.65 מ׳.,"14 מ״ר אך ברוחב כ־1.79 מ׳ לאורך כ־6.65 מ׳. נוחה לפינות ישיבה לאורך החזית, פחות לשולחן רחב ואירוח סביבו.",אור בוקר וטמפרטורה מתונה יחסית; פחות שמש דרומית,"קומה נמוכה: פרטיות מופחתת, יותר רעש ומיסוך עצים/גינון; מעל קומת הכניסה אך עדיין קרובה לקרקע.","חזית מזרחית לפארק וצפונית לכיוון בית הספר/הרמפה המקורה. נוף חזק, אך פעילות ציבורית ומערכות בצפון רלוונטיות לקומות הנמוכות.",חזית עם נוף/פתיחות לפארק לפי נתוני הפרויקט,"בקומה נמוכה עצים, גינון ופעילות ציבורית עשויים למסך את הנוף ולהפחית פרטיות | קומה 1 רגישה יותר לרעש, מבטים מהקרקע ומיסוך צמחייה | קרבה יחסית לצד הרמפה המקורה/בית הספר לפי תוכנית הפיתוח; נדרש אימות אקוסטי ומיקום מערכות","תוכנית מכר חתומה ומידות נקיות סופיות | שיוך ומאפייני חניה ומחסן | מיקום חדר אשפה, מערכות, מעליות ופירים ביחס לדירה | בדיקת sightline בפועל/מודל תלת־ממד לפי הקומה | בדיקת רעש בשטח ובשעות פעילות | גובה עצים והאם הפארק/המגרשים ממזרח מוגנים מבנייה עתידית",app/public/plans/apt_b3_5.png
3,6,3-6,1,3C,3C,4 חדרים,4,109.01,14.0,1,False,מזרח - דרום,full,1706756,1783189,83,B+,0.6,76.4,0.79,1.39,16,B – טובה/ממוצעת בסגמנט,בינונית,"תוכנית עשירה עם סלון גדול, מטבח טוב והפרדה ברורה לאגף השינה. המסדרון משמעותי, חדר אחד קומפקטי והמרפסת צרה למרות שטחה הגבוה.","סלון כ־5.07×5.20 מ׳ בתוך חלל ציבורי ברוחב כולל כ־7.68 מ׳; חדרים כ־3.37×2.90 מ׳, 3.00×4.03 מ׳ וממ״ד כ־2.95×3.66 מ׳; מרפסת כ־1.79×6.65 מ׳.",14 מ״ר ברוחב כ־1.79 מ׳; שטח נומינלי גדול אך שימושיות בינונית.,"אור בוקר ודרום; איזון טוב יחסית, בכפוף להצללה בפועל","קומה נמוכה: פרטיות מופחתת, יותר רעש ומיסוך עצים/גינון; מעל קומת הכניסה אך עדיין קרובה לקרקע.","חזית מזרחית-דרומית ישירה לפארק; חשיפת המיקום החזקה ביותר או קרובה לכך. הדרום פונה גם למרחב גן הילדים/החצר, ולכן בקומות נמוכות ייתכן רעש יום.",חזית עם נוף/פתיחות לפארק לפי נתוני הפרויקט,"בקומה נמוכה עצים, גינון ופעילות ציבורית עשויים למסך את הנוף ולהפחית פרטיות | קומה 1 רגישה יותר לרעש, מבטים מהקרקע ומיסוך צמחייה | אחד הכיוונים פונה לאזור גן הילדים/המרחב הציבורי; רעש יום רלוונטי בעיקר בקומות נמוכות","תוכנית מכר חתומה ומידות נקיות סופיות | שיוך ומאפייני חניה ומחסן | מיקום חדר אשפה, מערכות, מעליות ופירים ביחס לדירה | בדיקת sightline בפועל/מודל תלת־ממד לפי הקומה | בדיקת רעש בשטח ובשעות פעילות | גובה עצים והאם הפארק/המגרשים ממזרח מוגנים מבנייה עתידית",app/public/plans/apt_b3_6.png
3,7,3-7,1,3D,3D,4 חדרים,4,109.52,12.91,1,False,מערב - דרום,none,1710000,1786578,84,A,0.8,59.6,-2.23,-1.43,36,C – חלשה יחסית בסגמנט,בינונית-גבוהה,"אחת מתוכניות 4 החדרים המאוזנות ביותר: חלל ציבורי רחב, מטבח ופינת אוכל טובים, חדרים מרוכזים ומרפסת עמוקה. אין חולשה תכנונית בולטת.",סלון ברוחב כ־5.77 מ׳; מטבח כ־4.92×3.21 מ׳; מרפסת 12.91 מ״ר בעומק של כ־3.87 מ׳ באזור הרחב; חדרים נראים סביב 10–12 מ״ר.,"מרפסת עמוקה ומלבנית, שימושית מאוד לארוחה ואירוח.","אור חזק ושקיעות, אך עומס חום אחר הצהריים","קומה נמוכה: פרטיות מופחתת, יותר רעש ומיסוך עצים/גינון; מעל קומת הכניסה אך עדיין קרובה לקרקע.","המערב פונה לרחוב הראשי והדרום למרחב הפנימי/גן הילדים ובניינים 1–2. אין פארק, ויש שילוב של כביש ופעילות חצר.",ללא יתרון יחידה ייחודי מעבר לטיפוס ולמיקום הכללי,"קומה 1 רגישה יותר לרעש, מבטים מהקרקע ומיסוך צמחייה | חשיפה לרחוב היקפי/ראשי; יש לבצע בדיקת רעש בשעות עומס | אחד הכיוונים פונה לאזור גן הילדים/המרחב הציבורי; רעש יום רלוונטי בעיקר בקומות נמוכות","תוכנית מכר חתומה ומידות נקיות סופיות | שיוך ומאפייני חניה ומחסן | מיקום חדר אשפה, מערכות, מעליות ופירים ביחס לדירה | בדיקת sightline בפועל/מודל תלת־ממד לפי הקומה | בדיקת רעש בשטח ובשעות פעילות",app/public/plans/apt_b3_7.png
3,8,3-8,1,3E,3E,3 חדרים קומפקטית,3,78.68,7.37,1,False,מערב,none,1147097,1198467,80,B,0.0,50.4,-3.89,-3.89,30,C – חלשה יחסית בסגמנט,בינונית-גבוהה,"תוכנית קומפקטית ויעילה עם חלל ציבורי נוח. הממ״ד קטן יחסית והמרפסת צרה, אך אין בזבוז שטח חריג והתכנון אינו חלש כפי שהציון הישן הציג.","חלל ציבורי ברוחב כ־5.38 מ׳; ממ״ד כ־3.21×3.05 מ׳ (כ־9.2 מ״ר); חדר הורים ברוחב כ־5.02 מ׳ באזור הרחב; מרפסת כ־1.84×3.34 מ׳, 7.37 מ״ר.","7.37 מ״ר ברוחב כ־1.84 מ׳ — קטנה וצרה יחסית, אך יכולה לשמש פינת ישיבה קומפקטית.","שמש וחום אחר הצהריים, ובחשיפה יחידה אין אוורור צולב משמעותי","קומה נמוכה: פרטיות מופחתת, יותר רעש ומיסוך עצים/גינון; מעל קומת הכניסה אך עדיין קרובה לקרקע.","חשיפה מערבית יחידה לכיוון הרחוב הראשי. זהו מיקום חלש יחסית מבחינת רעש, חום ואוורור; השפעת הרחוב חזקה במיוחד בקומות 1–2.",ללא יתרון יחידה ייחודי מעבר לטיפוס ולמיקום הכללי,"קומה 1 רגישה יותר לרעש, מבטים מהקרקע ומיסוך צמחייה | חשיפה לרחוב היקפי/ראשי; יש לבצע בדיקת רעש בשעות עומס | כיוון אוויר יחיד מערבי: חום אחר הצהריים ואוורור צולב מוגבל","תוכנית מכר חתומה ומידות נקיות סופיות | שיוך ומאפייני חניה ומחסן | מיקום חדר אשפה, מערכות, מעליות ופירים ביחס לדירה | בדיקת sightline בפועל/מודל תלת־ממד לפי הקומה | בדיקת רעש בשטח ובשעות פעילות",app/public/plans/apt_b3_8.png
3,9,3-9,2,3A,3A,3 חדרים קומפקטית,3,79.97,13.5,1,False,מערב - צפון,none,1191468,1244825,79,B-,-0.2,62.8,-1.66,-1.86,25,C – חלשה יחסית בסגמנט,בינונית-גבוהה,"תוכנית מתפקדת עם מרפסת עמוקה וחדרים סבירים, אך החלל הציבורי ארוך וצר יחסית וגרעין השירות תופס חלק ניכר מהמרכז.","סלון ברוחב כ־3.72 מ׳ ובאורך כ־5.83 מ׳; חדרים כ־2.92×3.46 מ׳ וכ־3.86×2.95 מ׳; מרפסת כ־3.76×3.14 מ׳, 13.5 מ״ר.","מרפסת עמוקה ומרובעת יחסית, בעלת שימושיות גבוהה.","קרירה ומוצלת יותר, אך עלולה להיות חשוכה יחסית בחלק מהיום","קומה נמוכה-בינונית: שיפור ביחס לקומה 1, אך עדיין רגישה לרעש, פרטיות ועצים.","המערב פונה לרחוב הראשי והצפון סמוך יותר לרמפה המקורה/בית הספר לפי תוכנית הפיתוח. יש לבדוק רעש רכב ומערכות, בעיקר בקומות נמוכות.",ללא יתרון יחידה ייחודי מעבר לטיפוס ולמיקום הכללי,"קומה 2 עדיין נמוכה יחסית, אך עדיפה משמעותית על קומה 1 בפרטיות | חשיפה לרחוב היקפי/ראשי; יש לבצע בדיקת רעש בשעות עומס | קרבה יחסית לצד הרמפה המקורה/בית הספר לפי תוכנית הפיתוח; נדרש אימות אקוסטי ומיקום מערכות","תוכנית מכר חתומה ומידות נקיות סופיות | שיוך ומאפייני חניה ומחסן | מיקום חדר אשפה, מערכות, מעליות ופירים ביחס לדירה | בדיקת sightline בפועל/מודל תלת־ממד לפי הקומה | בדיקת רעש בשטח ובשעות פעילות",app/public/plans/apt_b3_9.png
3,10,3-10,2,3B,3B,4 חדרים,4,107.43,14.0,1,False,מזרח - צפון,full,1678749,1753928,81,B,0.2,78.6,1.19,1.39,15,B – טובה/ממוצעת בסגמנט,בינונית,"דירת 4 חדרים מרווחת עם סלון גדול וחדר הורים מצוין. חדר ילדים אחד קטן והמרפסת הגדולה רשומה אך צרה מאוד, כך שהשימושיות נמוכה מהשטח הנומינלי.",חלל ציבורי באורך כ־7.67 מ׳; חדר הורים כ־4.40×4.18 מ׳; חדר נוסף כ־3.30×2.85 מ׳; ממ״ד כ־2.95×3.66 מ׳; מרפסת כ־1.79×6.65 מ׳.,"14 מ״ר אך ברוחב כ־1.79 מ׳ לאורך כ־6.65 מ׳. נוחה לפינות ישיבה לאורך החזית, פחות לשולחן רחב ואירוח סביבו.",אור בוקר וטמפרטורה מתונה יחסית; פחות שמש דרומית,"קומה נמוכה-בינונית: שיפור ביחס לקומה 1, אך עדיין רגישה לרעש, פרטיות ועצים.","חזית מזרחית לפארק וצפונית לכיוון בית הספר/הרמפה המקורה. נוף חזק, אך פעילות ציבורית ומערכות בצפון רלוונטיות לקומות הנמוכות.",חזית עם נוף/פתיחות לפארק לפי נתוני הפרויקט,"בקומה נמוכה עצים, גינון ופעילות ציבורית עשויים למסך את הנוף ולהפחית פרטיות | קומה 2 עדיין נמוכה יחסית, אך עדיפה משמעותית על קומה 1 בפרטיות | קרבה יחסית לצד הרמפה המקורה/בית הספר לפי תוכנית הפיתוח; נדרש אימות אקוסטי ומיקום מערכות","תוכנית מכר חתומה ומידות נקיות סופיות | שיוך ומאפייני חניה ומחסן | מיקום חדר אשפה, מערכות, מעליות ופירים ביחס לדירה | בדיקת sightline בפועל/מודל תלת־ממד לפי הקומה | בדיקת רעש בשטח ובשעות פעילות | גובה עצים והאם הפארק/המגרשים ממזרח מוגנים מבנייה עתידית",app/public/plans/apt_b3_10.png
3,11,3-11,2,3C,3C,4 חדרים,4,109.01,14.0,1,False,מזרח - דרום,full,1706756,1783189,83,B+,0.6,82.8,1.94,2.54,10,A – יחידה חזקה בסגמנט,בינונית,"תוכנית עשירה עם סלון גדול, מטבח טוב והפרדה ברורה לאגף השינה. המסדרון משמעותי, חדר אחד קומפקטי והמרפסת צרה למרות שטחה הגבוה.","סלון כ־5.07×5.20 מ׳ בתוך חלל ציבורי ברוחב כולל כ־7.68 מ׳; חדרים כ־3.37×2.90 מ׳, 3.00×4.03 מ׳ וממ״ד כ־2.95×3.66 מ׳; מרפסת כ־1.79×6.65 מ׳.",14 מ״ר ברוחב כ־1.79 מ׳; שטח נומינלי גדול אך שימושיות בינונית.,"אור בוקר ודרום; איזון טוב יחסית, בכפוף להצללה בפועל","קומה נמוכה-בינונית: שיפור ביחס לקומה 1, אך עדיין רגישה לרעש, פרטיות ועצים.","חזית מזרחית-דרומית ישירה לפארק; חשיפת המיקום החזקה ביותר או קרובה לכך. הדרום פונה גם למרחב גן הילדים/החצר, ולכן בקומות נמוכות ייתכן רעש יום.",חזית עם נוף/פתיחות לפארק לפי נתוני הפרויקט,"בקומה נמוכה עצים, גינון ופעילות ציבורית עשויים למסך את הנוף ולהפחית פרטיות | קומה 2 עדיין נמוכה יחסית, אך עדיפה משמעותית על קומה 1 בפרטיות | אחד הכיוונים פונה לאזור גן הילדים/המרחב הציבורי; רעש יום רלוונטי בעיקר בקומות נמוכות","תוכנית מכר חתומה ומידות נקיות סופיות | שיוך ומאפייני חניה ומחסן | מיקום חדר אשפה, מערכות, מעליות ופירים ביחס לדירה | בדיקת sightline בפועל/מודל תלת־ממד לפי הקומה | בדיקת רעש בשטח ובשעות פעילות | גובה עצים והאם הפארק/המגרשים ממזרח מוגנים מבנייה עתידית",app/public/plans/apt_b3_11.png
3,12,3-12,2,3D,3D,4 חדרים,4,109.52,12.91,1,False,מערב - דרום,none,1710000,1786578,84,A,0.8,64.4,-1.37,-0.57,31,C – חלשה יחסית בסגמנט,בינונית-גבוהה,"אחת מתוכניות 4 החדרים המאוזנות ביותר: חלל ציבורי רחב, מטבח ופינת אוכל טובים, חדרים מרוכזים ומרפסת עמוקה. אין חולשה תכנונית בולטת.",סלון ברוחב כ־5.77 מ׳; מטבח כ־4.92×3.21 מ׳; מרפסת 12.91 מ״ר בעומק של כ־3.87 מ׳ באזור הרחב; חדרים נראים סביב 10–12 מ״ר.,"מרפסת עמוקה ומלבנית, שימושית מאוד לארוחה ואירוח.","אור חזק ושקיעות, אך עומס חום אחר הצהריים","קומה נמוכה-בינונית: שיפור ביחס לקומה 1, אך עדיין רגישה לרעש, פרטיות ועצים.","המערב פונה לרחוב הראשי והדרום למרחב הפנימי/גן הילדים ובניינים 1–2. אין פארק, ויש שילוב של כביש ופעילות חצר.",ללא יתרון יחידה ייחודי מעבר לטיפוס ולמיקום הכללי,"קומה 2 עדיין נמוכה יחסית, אך עדיפה משמעותית על קומה 1 בפרטיות | חשיפה לרחוב היקפי/ראשי; יש לבצע בדיקת רעש בשעות עומס | אחד הכיוונים פונה לאזור גן הילדים/המרחב הציבורי; רעש יום רלוונטי בעיקר בקומות נמוכות","תוכנית מכר חתומה ומידות נקיות סופיות | שיוך ומאפייני חניה ומחסן | מיקום חדר אשפה, מערכות, מעליות ופירים ביחס לדירה | בדיקת sightline בפועל/מודל תלת־ממד לפי הקומה | בדיקת רעש בשטח ובשעות פעילות",app/public/plans/apt_b3_12.png
3,13,3-13,2,3E,3E,3 חדרים קומפקטית,3,78.68,7.37,1,False,מערב,none,1147097,1198467,80,B,0.0,55.6,-2.95,-2.95,29,C – חלשה יחסית בסגמנט,בינונית-גבוהה,"תוכנית קומפקטית ויעילה עם חלל ציבורי נוח. הממ״ד קטן יחסית והמרפסת צרה, אך אין בזבוז שטח חריג והתכנון אינו חלש כפי שהציון הישן הציג.","חלל ציבורי ברוחב כ־5.38 מ׳; ממ״ד כ־3.21×3.05 מ׳ (כ־9.2 מ״ר); חדר הורים ברוחב כ־5.02 מ׳ באזור הרחב; מרפסת כ־1.84×3.34 מ׳, 7.37 מ״ר.","7.37 מ״ר ברוחב כ־1.84 מ׳ — קטנה וצרה יחסית, אך יכולה לשמש פינת ישיבה קומפקטית.","שמש וחום אחר הצהריים, ובחשיפה יחידה אין אוורור צולב משמעותי","קומה נמוכה-בינונית: שיפור ביחס לקומה 1, אך עדיין רגישה לרעש, פרטיות ועצים.","חשיפה מערבית יחידה לכיוון הרחוב הראשי. זהו מיקום חלש יחסית מבחינת רעש, חום ואוורור; השפעת הרחוב חזקה במיוחד בקומות 1–2.",ללא יתרון יחידה ייחודי מעבר לטיפוס ולמיקום הכללי,"קומה 2 עדיין נמוכה יחסית, אך עדיפה משמעותית על קומה 1 בפרטיות | חשיפה לרחוב היקפי/ראשי; יש לבצע בדיקת רעש בשעות עומס | כיוון אוויר יחיד מערבי: חום אחר הצהריים ואוורור צולב מוגבל","תוכנית מכר חתומה ומידות נקיות סופיות | שיוך ומאפייני חניה ומחסן | מיקום חדר אשפה, מערכות, מעליות ופירים ביחס לדירה | בדיקת sightline בפועל/מודל תלת־ממד לפי הקומה | בדיקת רעש בשטח ובשעות פעילות",app/public/plans/apt_b3_13.png
3,14,3-14,3,3A,3A,3 חדרים קומפקטית,3,79.97,13.5,1,False,מערב - צפון,none,1191468,1244825,79,B-,-0.2,67.0,-0.9,-1.1,20,C – חלשה יחסית בסגמנט,בינונית-גבוהה,"תוכנית מתפקדת עם מרפסת עמוקה וחדרים סבירים, אך החלל הציבורי ארוך וצר יחסית וגרעין השירות תופס חלק ניכר מהמרכז.","סלון ברוחב כ־3.72 מ׳ ובאורך כ־5.83 מ׳; חדרים כ־2.92×3.46 מ׳ וכ־3.86×2.95 מ׳; מרפסת כ־3.76×3.14 מ׳, 13.5 מ״ר.","מרפסת עמוקה ומרובעת יחסית, בעלת שימושיות גבוהה.","קרירה ומוצלת יותר, אך עלולה להיות חשוכה יחסית בחלק מהיום","קומת ביניים: נקודת בסיס טובה בין נגישות, פרטיות ופתיחות.","המערב פונה לרחוב הראשי והצפון סמוך יותר לרמפה המקורה/בית הספר לפי תוכנית הפיתוח. יש לבדוק רעש רכב ומערכות, בעיקר בקומות נמוכות.",ללא יתרון יחידה ייחודי מעבר לטיפוס ולמיקום הכללי,חשיפה לרחוב היקפי/ראשי; יש לבצע בדיקת רעש בשעות עומס | קרבה יחסית לצד הרמפה המקורה/בית הספר לפי תוכנית הפיתוח; נדרש אימות אקוסטי ומיקום מערכות,"תוכנית מכר חתומה ומידות נקיות סופיות | שיוך ומאפייני חניה ומחסן | מיקום חדר אשפה, מערכות, מעליות ופירים ביחס לדירה | בדיקת sightline בפועל/מודל תלת־ממד לפי הקומה | בדיקת רעש בשטח ובשעות פעילות",app/public/plans/apt_b3_14.png
3,15,3-15,3,3B,3B,4 חדרים,4,107.43,14.0,1,False,מזרח - צפון,full,1678749,1753928,81,B,0.2,84.0,2.16,2.36,11,B – טובה/ממוצעת בסגמנט,בינונית,"דירת 4 חדרים מרווחת עם סלון גדול וחדר הורים מצוין. חדר ילדים אחד קטן והמרפסת הגדולה רשומה אך צרה מאוד, כך שהשימושיות נמוכה מהשטח הנומינלי.",חלל ציבורי באורך כ־7.67 מ׳; חדר הורים כ־4.40×4.18 מ׳; חדר נוסף כ־3.30×2.85 מ׳; ממ״ד כ־2.95×3.66 מ׳; מרפסת כ־1.79×6.65 מ׳.,"14 מ״ר אך ברוחב כ־1.79 מ׳ לאורך כ־6.65 מ׳. נוחה לפינות ישיבה לאורך החזית, פחות לשולחן רחב ואירוח סביבו.",אור בוקר וטמפרטורה מתונה יחסית; פחות שמש דרומית,"קומת ביניים: נקודת בסיס טובה בין נגישות, פרטיות ופתיחות.","חזית מזרחית לפארק וצפונית לכיוון בית הספר/הרמפה המקורה. נוף חזק, אך פעילות ציבורית ומערכות בצפון רלוונטיות לקומות הנמוכות.",חזית עם נוף/פתיחות לפארק לפי נתוני הפרויקט,"בקומה נמוכה עצים, גינון ופעילות ציבורית עשויים למסך את הנוף ולהפחית פרטיות | קרבה יחסית לצד הרמפה המקורה/בית הספר לפי תוכנית הפיתוח; נדרש אימות אקוסטי ומיקום מערכות","תוכנית מכר חתומה ומידות נקיות סופיות | שיוך ומאפייני חניה ומחסן | מיקום חדר אשפה, מערכות, מעליות ופירים ביחס לדירה | בדיקת sightline בפועל/מודל תלת־ממד לפי הקומה | בדיקת רעש בשטח ובשעות פעילות | גובה עצים והאם הפארק/המגרשים ממזרח מוגנים מבנייה עתידית",app/public/plans/apt_b3_15.png
3,16,3-16,3,3C,3C,4 חדרים,4,109.01,14.0,1,False,מזרח - דרום,full,1706756,1783189,83,B+,0.6,87.8,2.84,3.44,7,A – יחידה חזקה בסגמנט,בינונית,"תוכנית עשירה עם סלון גדול, מטבח טוב והפרדה ברורה לאגף השינה. המסדרון משמעותי, חדר אחד קומפקטי והמרפסת צרה למרות שטחה הגבוה.","סלון כ־5.07×5.20 מ׳ בתוך חלל ציבורי ברוחב כולל כ־7.68 מ׳; חדרים כ־3.37×2.90 מ׳, 3.00×4.03 מ׳ וממ״ד כ־2.95×3.66 מ׳; מרפסת כ־1.79×6.65 מ׳.",14 מ״ר ברוחב כ־1.79 מ׳; שטח נומינלי גדול אך שימושיות בינונית.,"אור בוקר ודרום; איזון טוב יחסית, בכפוף להצללה בפועל","קומת ביניים: נקודת בסיס טובה בין נגישות, פרטיות ופתיחות.","חזית מזרחית-דרומית ישירה לפארק; חשיפת המיקום החזקה ביותר או קרובה לכך. הדרום פונה גם למרחב גן הילדים/החצר, ולכן בקומות נמוכות ייתכן רעש יום.",חזית עם נוף/פתיחות לפארק לפי נתוני הפרויקט,"בקומה נמוכה עצים, גינון ופעילות ציבורית עשויים למסך את הנוף ולהפחית פרטיות | אחד הכיוונים פונה לאזור גן הילדים/המרחב הציבורי; רעש יום רלוונטי בעיקר בקומות נמוכות","תוכנית מכר חתומה ומידות נקיות סופיות | שיוך ומאפייני חניה ומחסן | מיקום חדר אשפה, מערכות, מעליות ופירים ביחס לדירה | בדיקת sightline בפועל/מודל תלת־ממד לפי הקומה | בדיקת רעש בשטח ובשעות פעילות | גובה עצים והאם הפארק/המגרשים ממזרח מוגנים מבנייה עתידית",app/public/plans/apt_b3_16.png
3,17,3-17,3,3D,3D,4 חדרים,4,109.52,12.91,1,False,מערב - דרום,none,1710000,1786578,84,A,0.8,68.6,-0.61,0.19,25,C – חלשה יחסית בסגמנט,בינונית-גבוהה,"אחת מתוכניות 4 החדרים המאוזנות ביותר: חלל ציבורי רחב, מטבח ופינת אוכל טובים, חדרים מרוכזים ומרפסת עמוקה. אין חולשה תכנונית בולטת.",סלון ברוחב כ־5.77 מ׳; מטבח כ־4.92×3.21 מ׳; מרפסת 12.91 מ״ר בעומק של כ־3.87 מ׳ באזור הרחב; חדרים נראים סביב 10–12 מ״ר.,"מרפסת עמוקה ומלבנית, שימושית מאוד לארוחה ואירוח.","אור חזק ושקיעות, אך עומס חום אחר הצהריים","קומת ביניים: נקודת בסיס טובה בין נגישות, פרטיות ופתיחות.","המערב פונה לרחוב הראשי והדרום למרחב הפנימי/גן הילדים ובניינים 1–2. אין פארק, ויש שילוב של כביש ופעילות חצר.",ללא יתרון יחידה ייחודי מעבר לטיפוס ולמיקום הכללי,חשיפה לרחוב היקפי/ראשי; יש לבצע בדיקת רעש בשעות עומס | אחד הכיוונים פונה לאזור גן הילדים/המרחב הציבורי; רעש יום רלוונטי בעיקר בקומות נמוכות,"תוכנית מכר חתומה ומידות נקיות סופיות | שיוך ומאפייני חניה ומחסן | מיקום חדר אשפה, מערכות, מעליות ופירים ביחס לדירה | בדיקת sightline בפועל/מודל תלת־ממד לפי הקומה | בדיקת רעש בשטח ובשעות פעילות",app/public/plans/apt_b3_17.png
3,18,3-18,3,3E,3E,3 חדרים קומפקטית,3,78.68,7.37,1,False,מערב,none,1147097,1198467,80,B,0.0,60.2,-2.12,-2.12,27,C – חלשה יחסית בסגמנט,בינונית-גבוהה,"תוכנית קומפקטית ויעילה עם חלל ציבורי נוח. הממ״ד קטן יחסית והמרפסת צרה, אך אין בזבוז שטח חריג והתכנון אינו חלש כפי שהציון הישן הציג.","חלל ציבורי ברוחב כ־5.38 מ׳; ממ״ד כ־3.21×3.05 מ׳ (כ־9.2 מ״ר); חדר הורים ברוחב כ־5.02 מ׳ באזור הרחב; מרפסת כ־1.84×3.34 מ׳, 7.37 מ״ר.","7.37 מ״ר ברוחב כ־1.84 מ׳ — קטנה וצרה יחסית, אך יכולה לשמש פינת ישיבה קומפקטית.","שמש וחום אחר הצהריים, ובחשיפה יחידה אין אוורור צולב משמעותי","קומת ביניים: נקודת בסיס טובה בין נגישות, פרטיות ופתיחות.","חשיפה מערבית יחידה לכיוון הרחוב הראשי. זהו מיקום חלש יחסית מבחינת רעש, חום ואוורור; השפעת הרחוב חזקה במיוחד בקומות 1–2.",ללא יתרון יחידה ייחודי מעבר לטיפוס ולמיקום הכללי,חשיפה לרחוב היקפי/ראשי; יש לבצע בדיקת רעש בשעות עומס | כיוון אוויר יחיד מערבי: חום אחר הצהריים ואוורור צולב מוגבל,"תוכנית מכר חתומה ומידות נקיות סופיות | שיוך ומאפייני חניה ומחסן | מיקום חדר אשפה, מערכות, מעליות ופירים ביחס לדירה | בדיקת sightline בפועל/מודל תלת־ממד לפי הקומה | בדיקת רעש בשטח ובשעות פעילות",app/public/plans/apt_b3_18.png
3,19,3-19,4,3A,3A,3 חדרים קומפקטית,3,79.97,13.5,1,False,מערב - צפון,none,1191468,1244825,79,B-,-0.2,70.6,-0.25,-0.45,16,B – טובה/ממוצעת בסגמנט,בינונית-גבוהה,"תוכנית מתפקדת עם מרפסת עמוקה וחדרים סבירים, אך החלל הציבורי ארוך וצר יחסית וגרעין השירות תופס חלק ניכר מהמרכז.","סלון ברוחב כ־3.72 מ׳ ובאורך כ־5.83 מ׳; חדרים כ־2.92×3.46 מ׳ וכ־3.86×2.95 מ׳; מרפסת כ־3.76×3.14 מ׳, 13.5 מ״ר.","מרפסת עמוקה ומרובעת יחסית, בעלת שימושיות גבוהה.","קרירה ומוצלת יותר, אך עלולה להיות חשוכה יחסית בחלק מהיום","קומה בינונית-גבוהה: פרטיות ופתיחות טובות יותר, ללא תלות קיצונית בגובה.","המערב פונה לרחוב הראשי והצפון סמוך יותר לרמפה המקורה/בית הספר לפי תוכנית הפיתוח. יש לבדוק רעש רכב ומערכות, בעיקר בקומות נמוכות.",ללא יתרון יחידה ייחודי מעבר לטיפוס ולמיקום הכללי,חשיפה לרחוב היקפי/ראשי; יש לבצע בדיקת רעש בשעות עומס | קרבה יחסית לצד הרמפה המקורה/בית הספר לפי תוכנית הפיתוח; נדרש אימות אקוסטי ומיקום מערכות,"תוכנית מכר חתומה ומידות נקיות סופיות | שיוך ומאפייני חניה ומחסן | מיקום חדר אשפה, מערכות, מעליות ופירים ביחס לדירה | בדיקת sightline בפועל/מודל תלת־ממד לפי הקומה | בדיקת רעש בשטח ובשעות פעילות",app/public/plans/apt_b3_19.png
3,20,3-20,4,3B,3B,4 חדרים,4,107.43,14.0,1,False,מזרח - צפון,full,1678749,1753928,81,B,0.2,88.6,2.99,3.19,8,A – יחידה חזקה בסגמנט,בינונית,"דירת 4 חדרים מרווחת עם סלון גדול וחדר הורים מצוין. חדר ילדים אחד קטן והמרפסת הגדולה רשומה אך צרה מאוד, כך שהשימושיות נמוכה מהשטח הנומינלי.",חלל ציבורי באורך כ־7.67 מ׳; חדר הורים כ־4.40×4.18 מ׳; חדר נוסף כ־3.30×2.85 מ׳; ממ״ד כ־2.95×3.66 מ׳; מרפסת כ־1.79×6.65 מ׳.,"14 מ״ר אך ברוחב כ־1.79 מ׳ לאורך כ־6.65 מ׳. נוחה לפינות ישיבה לאורך החזית, פחות לשולחן רחב ואירוח סביבו.",אור בוקר וטמפרטורה מתונה יחסית; פחות שמש דרומית,"קומה בינונית-גבוהה: פרטיות ופתיחות טובות יותר, ללא תלות קיצונית בגובה.","חזית מזרחית לפארק וצפונית לכיוון בית הספר/הרמפה המקורה. נוף חזק, אך פעילות ציבורית ומערכות בצפון רלוונטיות לקומות הנמוכות.",חזית עם נוף/פתיחות לפארק לפי נתוני הפרויקט | הקומה צפויה לממש היטב את יתרון הפארק מעל חלק ניכר מהגינון,קרבה יחסית לצד הרמפה המקורה/בית הספר לפי תוכנית הפיתוח; נדרש אימות אקוסטי ומיקום מערכות,"תוכנית מכר חתומה ומידות נקיות סופיות | שיוך ומאפייני חניה ומחסן | מיקום חדר אשפה, מערכות, מעליות ופירים ביחס לדירה | בדיקת sightline בפועל/מודל תלת־ממד לפי הקומה | בדיקת רעש בשטח ובשעות פעילות | גובה עצים והאם הפארק/המגרשים ממזרח מוגנים מבנייה עתידית",app/public/plans/apt_b3_20.png
3,21,3-21,4,3C,3C,4 חדרים,4,109.01,14.0,1,False,מזרח - דרום,full,1706756,1783189,83,B+,0.6,91.8,3.56,4.16,4,A – יחידה חזקה בסגמנט,בינונית,"תוכנית עשירה עם סלון גדול, מטבח טוב והפרדה ברורה לאגף השינה. המסדרון משמעותי, חדר אחד קומפקטי והמרפסת צרה למרות שטחה הגבוה.","סלון כ־5.07×5.20 מ׳ בתוך חלל ציבורי ברוחב כולל כ־7.68 מ׳; חדרים כ־3.37×2.90 מ׳, 3.00×4.03 מ׳ וממ״ד כ־2.95×3.66 מ׳; מרפסת כ־1.79×6.65 מ׳.",14 מ״ר ברוחב כ־1.79 מ׳; שטח נומינלי גדול אך שימושיות בינונית.,"אור בוקר ודרום; איזון טוב יחסית, בכפוף להצללה בפועל","קומה בינונית-גבוהה: פרטיות ופתיחות טובות יותר, ללא תלות קיצונית בגובה.","חזית מזרחית-דרומית ישירה לפארק; חשיפת המיקום החזקה ביותר או קרובה לכך. הדרום פונה גם למרחב גן הילדים/החצר, ולכן בקומות נמוכות ייתכן רעש יום.",חזית עם נוף/פתיחות לפארק לפי נתוני הפרויקט | הקומה צפויה לממש היטב את יתרון הפארק מעל חלק ניכר מהגינון,אחד הכיוונים פונה לאזור גן הילדים/המרחב הציבורי; רעש יום רלוונטי בעיקר בקומות נמוכות,"תוכנית מכר חתומה ומידות נקיות סופיות | שיוך ומאפייני חניה ומחסן | מיקום חדר אשפה, מערכות, מעליות ופירים ביחס לדירה | בדיקת sightline בפועל/מודל תלת־ממד לפי הקומה | בדיקת רעש בשטח ובשעות פעילות | גובה עצים והאם הפארק/המגרשים ממזרח מוגנים מבנייה עתידית",app/public/plans/apt_b3_21.png
3,22,3-22,4,3D,3D,4 חדרים,4,109.52,12.91,1,False,מערב - דרום,none,1710000,1786578,84,A,0.8,72.2,0.04,0.84,20,B – טובה/ממוצעת בסגמנט,בינונית-גבוהה,"אחת מתוכניות 4 החדרים המאוזנות ביותר: חלל ציבורי רחב, מטבח ופינת אוכל טובים, חדרים מרוכזים ומרפסת עמוקה. אין חולשה תכנונית בולטת.",סלון ברוחב כ־5.77 מ׳; מטבח כ־4.92×3.21 מ׳; מרפסת 12.91 מ״ר בעומק של כ־3.87 מ׳ באזור הרחב; חדרים נראים סביב 10–12 מ״ר.,"מרפסת עמוקה ומלבנית, שימושית מאוד לארוחה ואירוח.","אור חזק ושקיעות, אך עומס חום אחר הצהריים","קומה בינונית-גבוהה: פרטיות ופתיחות טובות יותר, ללא תלות קיצונית בגובה.","המערב פונה לרחוב הראשי והדרום למרחב הפנימי/גן הילדים ובניינים 1–2. אין פארק, ויש שילוב של כביש ופעילות חצר.",ללא יתרון יחידה ייחודי מעבר לטיפוס ולמיקום הכללי,חשיפה לרחוב היקפי/ראשי; יש לבצע בדיקת רעש בשעות עומס | אחד הכיוונים פונה לאזור גן הילדים/המרחב הציבורי; רעש יום רלוונטי בעיקר בקומות נמוכות,"תוכנית מכר חתומה ומידות נקיות סופיות | שיוך ומאפייני חניה ומחסן | מיקום חדר אשפה, מערכות, מעליות ופירים ביחס לדירה | בדיקת sightline בפועל/מודל תלת־ממד לפי הקומה | בדיקת רעש בשטח ובשעות פעילות",app/public/plans/apt_b3_22.png
3,23,3-23,4,3E,3E,3 חדרים קומפקטית,3,78.68,7.37,1,False,מערב,none,1147097,1198467,80,B,0.0,64.2,-1.4,-1.4,23,C – חלשה יחסית בסגמנט,בינונית-גבוהה,"תוכנית קומפקטית ויעילה עם חלל ציבורי נוח. הממ״ד קטן יחסית והמרפסת צרה, אך אין בזבוז שטח חריג והתכנון אינו חלש כפי שהציון הישן הציג.","חלל ציבורי ברוחב כ־5.38 מ׳; ממ״ד כ־3.21×3.05 מ׳ (כ־9.2 מ״ר); חדר הורים ברוחב כ־5.02 מ׳ באזור הרחב; מרפסת כ־1.84×3.34 מ׳, 7.37 מ״ר.","7.37 מ״ר ברוחב כ־1.84 מ׳ — קטנה וצרה יחסית, אך יכולה לשמש פינת ישיבה קומפקטית.","שמש וחום אחר הצהריים, ובחשיפה יחידה אין אוורור צולב משמעותי","קומה בינונית-גבוהה: פרטיות ופתיחות טובות יותר, ללא תלות קיצונית בגובה.","חשיפה מערבית יחידה לכיוון הרחוב הראשי. זהו מיקום חלש יחסית מבחינת רעש, חום ואוורור; השפעת הרחוב חזקה במיוחד בקומות 1–2.",ללא יתרון יחידה ייחודי מעבר לטיפוס ולמיקום הכללי,חשיפה לרחוב היקפי/ראשי; יש לבצע בדיקת רעש בשעות עומס | כיוון אוויר יחיד מערבי: חום אחר הצהריים ואוורור צולב מוגבל,"תוכנית מכר חתומה ומידות נקיות סופיות | שיוך ומאפייני חניה ומחסן | מיקום חדר אשפה, מערכות, מעליות ופירים ביחס לדירה | בדיקת sightline בפועל/מודל תלת־ממד לפי הקומה | בדיקת רעש בשטח ובשעות פעילות",app/public/plans/apt_b3_23.png
3,24,3-24,5,3A,3A,3 חדרים קומפקטית,3,79.97,13.5,1,False,מערב - צפון,none,1191468,1244825,79,B-,-0.2,73.8,0.32,0.12,11,B – טובה/ממוצעת בסגמנט,בינונית-גבוהה,"תוכנית מתפקדת עם מרפסת עמוקה וחדרים סבירים, אך החלל הציבורי ארוך וצר יחסית וגרעין השירות תופס חלק ניכר מהמרכז.","סלון ברוחב כ־3.72 מ׳ ובאורך כ־5.83 מ׳; חדרים כ־2.92×3.46 מ׳ וכ־3.86×2.95 מ׳; מרפסת כ־3.76×3.14 מ׳, 13.5 מ״ר.","מרפסת עמוקה ומרובעת יחסית, בעלת שימושיות גבוהה.","קרירה ומוצלת יותר, אך עלולה להיות חשוכה יחסית בחלק מהיום","קומה גבוהה יחסית בפרויקט: פרטיות, אור ופתיחות טובים; יש לבדוק רוח.","המערב פונה לרחוב הראשי והצפון סמוך יותר לרמפה המקורה/בית הספר לפי תוכנית הפיתוח. יש לבדוק רעש רכב ומערכות, בעיקר בקומות נמוכות.","קומה גבוהה יחסית משפרת פרטיות, אור ופתיחות",חשיפה לרחוב היקפי/ראשי; יש לבצע בדיקת רעש בשעות עומס | קרבה יחסית לצד הרמפה המקורה/בית הספר לפי תוכנית הפיתוח; נדרש אימות אקוסטי ומיקום מערכות,"תוכנית מכר חתומה ומידות נקיות סופיות | שיוך ומאפייני חניה ומחסן | מיקום חדר אשפה, מערכות, מעליות ופירים ביחס לדירה | בדיקת sightline בפועל/מודל תלת־ממד לפי הקומה | בדיקת רעש בשטח ובשעות פעילות",app/public/plans/apt_b3_24.png
3,25,3-25,5,3B,3B,4 חדרים,4,107.43,14.0,1,False,מזרח - צפון,full,1678749,1753928,81,B,0.2,91.8,3.56,3.76,6,A – יחידה חזקה בסגמנט,בינונית,"דירת 4 חדרים מרווחת עם סלון גדול וחדר הורים מצוין. חדר ילדים אחד קטן והמרפסת הגדולה רשומה אך צרה מאוד, כך שהשימושיות נמוכה מהשטח הנומינלי.",חלל ציבורי באורך כ־7.67 מ׳; חדר הורים כ־4.40×4.18 מ׳; חדר נוסף כ־3.30×2.85 מ׳; ממ״ד כ־2.95×3.66 מ׳; מרפסת כ־1.79×6.65 מ׳.,"14 מ״ר אך ברוחב כ־1.79 מ׳ לאורך כ־6.65 מ׳. נוחה לפינות ישיבה לאורך החזית, פחות לשולחן רחב ואירוח סביבו.",אור בוקר וטמפרטורה מתונה יחסית; פחות שמש דרומית,"קומה גבוהה יחסית בפרויקט: פרטיות, אור ופתיחות טובים; יש לבדוק רוח.","חזית מזרחית לפארק וצפונית לכיוון בית הספר/הרמפה המקורה. נוף חזק, אך פעילות ציבורית ומערכות בצפון רלוונטיות לקומות הנמוכות.","חזית עם נוף/פתיחות לפארק לפי נתוני הפרויקט | הקומה צפויה לממש היטב את יתרון הפארק מעל חלק ניכר מהגינון | קומה גבוהה יחסית משפרת פרטיות, אור ופתיחות",קרבה יחסית לצד הרמפה המקורה/בית הספר לפי תוכנית הפיתוח; נדרש אימות אקוסטי ומיקום מערכות,"תוכנית מכר חתומה ומידות נקיות סופיות | שיוך ומאפייני חניה ומחסן | מיקום חדר אשפה, מערכות, מעליות ופירים ביחס לדירה | בדיקת sightline בפועל/מודל תלת־ממד לפי הקומה | בדיקת רעש בשטח ובשעות פעילות | גובה עצים והאם הפארק/המגרשים ממזרח מוגנים מבנייה עתידית",app/public/plans/apt_b3_25.png
3,26,3-26,5,3C,3C,4 חדרים,4,109.01,14.0,1,False,מזרח - דרום,full,1706756,1783189,83,B+,0.6,94.4,4.03,4.63,2,A – יחידה חזקה בסגמנט,בינונית,"תוכנית עשירה עם סלון גדול, מטבח טוב והפרדה ברורה לאגף השינה. המסדרון משמעותי, חדר אחד קומפקטי והמרפסת צרה למרות שטחה הגבוה.","סלון כ־5.07×5.20 מ׳ בתוך חלל ציבורי ברוחב כולל כ־7.68 מ׳; חדרים כ־3.37×2.90 מ׳, 3.00×4.03 מ׳ וממ״ד כ־2.95×3.66 מ׳; מרפסת כ־1.79×6.65 מ׳.",14 מ״ר ברוחב כ־1.79 מ׳; שטח נומינלי גדול אך שימושיות בינונית.,"אור בוקר ודרום; איזון טוב יחסית, בכפוף להצללה בפועל","קומה גבוהה יחסית בפרויקט: פרטיות, אור ופתיחות טובים; יש לבדוק רוח.","חזית מזרחית-דרומית ישירה לפארק; חשיפת המיקום החזקה ביותר או קרובה לכך. הדרום פונה גם למרחב גן הילדים/החצר, ולכן בקומות נמוכות ייתכן רעש יום.","חזית עם נוף/פתיחות לפארק לפי נתוני הפרויקט | הקומה צפויה לממש היטב את יתרון הפארק מעל חלק ניכר מהגינון | קומה גבוהה יחסית משפרת פרטיות, אור ופתיחות",אחד הכיוונים פונה לאזור גן הילדים/המרחב הציבורי; רעש יום רלוונטי בעיקר בקומות נמוכות,"תוכנית מכר חתומה ומידות נקיות סופיות | שיוך ומאפייני חניה ומחסן | מיקום חדר אשפה, מערכות, מעליות ופירים ביחס לדירה | בדיקת sightline בפועל/מודל תלת־ממד לפי הקומה | בדיקת רעש בשטח ובשעות פעילות | גובה עצים והאם הפארק/המגרשים ממזרח מוגנים מבנייה עתידית",app/public/plans/apt_b3_26.png
3,27,3-27,5,3D,3D,4 חדרים,4,109.52,12.91,1,False,מערב - דרום,none,1710000,1786578,84,A,0.8,75.4,0.61,1.41,14,B – טובה/ממוצעת בסגמנט,בינונית-גבוהה,"אחת מתוכניות 4 החדרים המאוזנות ביותר: חלל ציבורי רחב, מטבח ופינת אוכל טובים, חדרים מרוכזים ומרפסת עמוקה. אין חולשה תכנונית בולטת.",סלון ברוחב כ־5.77 מ׳; מטבח כ־4.92×3.21 מ׳; מרפסת 12.91 מ״ר בעומק של כ־3.87 מ׳ באזור הרחב; חדרים נראים סביב 10–12 מ״ר.,"מרפסת עמוקה ומלבנית, שימושית מאוד לארוחה ואירוח.","אור חזק ושקיעות, אך עומס חום אחר הצהריים","קומה גבוהה יחסית בפרויקט: פרטיות, אור ופתיחות טובים; יש לבדוק רוח.","המערב פונה לרחוב הראשי והדרום למרחב הפנימי/גן הילדים ובניינים 1–2. אין פארק, ויש שילוב של כביש ופעילות חצר.","קומה גבוהה יחסית משפרת פרטיות, אור ופתיחות",חשיפה לרחוב היקפי/ראשי; יש לבצע בדיקת רעש בשעות עומס | אחד הכיוונים פונה לאזור גן הילדים/המרחב הציבורי; רעש יום רלוונטי בעיקר בקומות נמוכות,"תוכנית מכר חתומה ומידות נקיות סופיות | שיוך ומאפייני חניה ומחסן | מיקום חדר אשפה, מערכות, מעליות ופירים ביחס לדירה | בדיקת sightline בפועל/מודל תלת־ממד לפי הקומה | בדיקת רעש בשטח ובשעות פעילות",app/public/plans/apt_b3_27.png
3,28,3-28,5,3E,3E,3 חדרים קומפקטית,3,78.68,7.37,1,False,מערב,none,1147097,1198467,80,B,0.0,67.6,-0.79,-0.79,17,B – טובה/ממוצעת בסגמנט,בינונית-גבוהה,"תוכנית קומפקטית ויעילה עם חלל ציבורי נוח. הממ״ד קטן יחסית והמרפסת צרה, אך אין בזבוז שטח חריג והתכנון אינו חלש כפי שהציון הישן הציג.","חלל ציבורי ברוחב כ־5.38 מ׳; ממ״ד כ־3.21×3.05 מ׳ (כ־9.2 מ״ר); חדר הורים ברוחב כ־5.02 מ׳ באזור הרחב; מרפסת כ־1.84×3.34 מ׳, 7.37 מ״ר.","7.37 מ״ר ברוחב כ־1.84 מ׳ — קטנה וצרה יחסית, אך יכולה לשמש פינת ישיבה קומפקטית.","שמש וחום אחר הצהריים, ובחשיפה יחידה אין אוורור צולב משמעותי","קומה גבוהה יחסית בפרויקט: פרטיות, אור ופתיחות טובים; יש לבדוק רוח.","חשיפה מערבית יחידה לכיוון הרחוב הראשי. זהו מיקום חלש יחסית מבחינת רעש, חום ואוורור; השפעת הרחוב חזקה במיוחד בקומות 1–2.","קומה גבוהה יחסית משפרת פרטיות, אור ופתיחות",חשיפה לרחוב היקפי/ראשי; יש לבצע בדיקת רעש בשעות עומס | כיוון אוויר יחיד מערבי: חום אחר הצהריים ואוורור צולב מוגבל,"תוכנית מכר חתומה ומידות נקיות סופיות | שיוך ומאפייני חניה ומחסן | מיקום חדר אשפה, מערכות, מעליות ופירים ביחס לדירה | בדיקת sightline בפועל/מודל תלת־ממד לפי הקומה | בדיקת רעש בשטח ובשעות פעילות",app/public/plans/apt_b3_28.png
3,30,3-30,6,3B,3B,4 חדרים,4,107.43,14.0,1,False,מזרח - צפון,full,1678749,1753928,81,B,0.2,94.0,3.96,4.16,3,A – יחידה חזקה בסגמנט,בינונית,"דירת 4 חדרים מרווחת עם סלון גדול וחדר הורים מצוין. חדר ילדים אחד קטן והמרפסת הגדולה רשומה אך צרה מאוד, כך שהשימושיות נמוכה מהשטח הנומינלי.",חלל ציבורי באורך כ־7.67 מ׳; חדר הורים כ־4.40×4.18 מ׳; חדר נוסף כ־3.30×2.85 מ׳; ממ״ד כ־2.95×3.66 מ׳; מרפסת כ־1.79×6.65 מ׳.,"14 מ״ר אך ברוחב כ־1.79 מ׳ לאורך כ־6.65 מ׳. נוחה לפינות ישיבה לאורך החזית, פחות לשולחן רחב ואירוח סביבו.",אור בוקר וטמפרטורה מתונה יחסית; פחות שמש דרומית,קומה גבוהה: פרטיות ופתיחות חזקות; תלות גדולה יותר במעלית ורוח אפשרית.,"חזית מזרחית לפארק וצפונית לכיוון בית הספר/הרמפה המקורה. נוף חזק, אך פעילות ציבורית ומערכות בצפון רלוונטיות לקומות הנמוכות.","חזית עם נוף/פתיחות לפארק לפי נתוני הפרויקט | הקומה צפויה לממש היטב את יתרון הפארק מעל חלק ניכר מהגינון | קומה גבוהה יחסית משפרת פרטיות, אור ופתיחות",קרבה יחסית לצד הרמפה המקורה/בית הספר לפי תוכנית הפיתוח; נדרש אימות אקוסטי ומיקום מערכות | בגובה זה יש לבדוק רוחות במרפסת ותלות במעליות; לא הונח שמדובר בקומה עליונה,"תוכנית מכר חתומה ומידות נקיות סופיות | שיוך ומאפייני חניה ומחסן | מיקום חדר אשפה, מערכות, מעליות ופירים ביחס לדירה | בדיקת sightline בפועל/מודל תלת־ממד לפי הקומה | בדיקת רעש בשטח ובשעות פעילות | גובה עצים והאם הפארק/המגרשים ממזרח מוגנים מבנייה עתידית",app/public/plans/apt_b3_30.png
3,31,3-31,6,3C,3C,4 חדרים,4,109.01,14.0,1,False,מזרח - דרום,full,1706756,1783189,83,B+,0.6,96.0,4.32,4.92,1,A – יחידה חזקה בסגמנט,בינונית,"תוכנית עשירה עם סלון גדול, מטבח טוב והפרדה ברורה לאגף השינה. המסדרון משמעותי, חדר אחד קומפקטי והמרפסת צרה למרות שטחה הגבוה.","סלון כ־5.07×5.20 מ׳ בתוך חלל ציבורי ברוחב כולל כ־7.68 מ׳; חדרים כ־3.37×2.90 מ׳, 3.00×4.03 מ׳ וממ״ד כ־2.95×3.66 מ׳; מרפסת כ־1.79×6.65 מ׳.",14 מ״ר ברוחב כ־1.79 מ׳; שטח נומינלי גדול אך שימושיות בינונית.,"אור בוקר ודרום; איזון טוב יחסית, בכפוף להצללה בפועל",קומה גבוהה: פרטיות ופתיחות חזקות; תלות גדולה יותר במעלית ורוח אפשרית.,"חזית מזרחית-דרומית ישירה לפארק; חשיפת המיקום החזקה ביותר או קרובה לכך. הדרום פונה גם למרחב גן הילדים/החצר, ולכן בקומות נמוכות ייתכן רעש יום.","חזית עם נוף/פתיחות לפארק לפי נתוני הפרויקט | הקומה צפויה לממש היטב את יתרון הפארק מעל חלק ניכר מהגינון | קומה גבוהה יחסית משפרת פרטיות, אור ופתיחות",אחד הכיוונים פונה לאזור גן הילדים/המרחב הציבורי; רעש יום רלוונטי בעיקר בקומות נמוכות | בגובה זה יש לבדוק רוחות במרפסת ותלות במעליות; לא הונח שמדובר בקומה עליונה,"תוכנית מכר חתומה ומידות נקיות סופיות | שיוך ומאפייני חניה ומחסן | מיקום חדר אשפה, מערכות, מעליות ופירים ביחס לדירה | בדיקת sightline בפועל/מודל תלת־ממד לפי הקומה | בדיקת רעש בשטח ובשעות פעילות | גובה עצים והאם הפארק/המגרשים ממזרח מוגנים מבנייה עתידית",app/public/plans/apt_b3_31.png
