apartment_id,building,apartment,floor,type,profile_key,segment,rooms,area_m2,balcony_m2,directions,park_view,market_balcony_coef,effective_market_area_m2,current_segment_rate_ils,current_unadjusted_value_ils,quality_adjustment_pct,current_market_value_ils,sale_value_low_ils,sale_value_base_ils,sale_value_high_ils,net_contract_price_ils,estimated_index_addition_ils,estimated_total_cost_ils,profit_low_ils,profit_base_ils,profit_high_ils,roi_base_pct,analysis_confidence,rank_low,rank_base,rank_high,best_rank,worst_rank,rank_spread,priority_group
2-18,2,18,4,2C,2C,4 חדרים,4,109.61,12.91,מזרח - דרום,full,0.55,116.71,27500,3209539,3.86,3333427,2975781,3525601,4154649,1711595,37913,1749508,1226273,1776093,2405141,101.5,בינונית,1,1,1,1,1,0,A
2-13,2,13,3,2C,2C,4 חדרים,4,109.62,12.91,מזרח - דרום,full,0.55,116.72,27500,3209814,3.14,3310602,2954896,3501460,4126878,1711772,37917,1749689,1205207,1751771,2377189,100.1,בינונית,2,2,2,2,2,0,A
3-31,3,31,6,3C,3C,4 חדרים,4,109.01,14.0,מזרח - דרום,full,0.36,114.05,27500,3136375,4.92,3290685,2938357,3480394,4100403,1706756,37806,1744562,1193795,1735833,2355841,99.5,בינונית,3,3,3,3,3,0,A
3-26,3,26,5,3C,3C,4 חדרים,4,109.01,14.0,מזרח - דרום,full,0.36,114.05,27500,3136375,4.63,3281589,2930037,3470775,4089333,1706756,37806,1744562,1185475,1726213,2344771,98.9,בינונית,4,4,4,4,4,0,A
2-8,2,8,2,2C,2C,4 חדרים,4,109.62,12.91,מזרח - דרום,full,0.55,116.72,27500,3209814,2.16,3279146,2926122,3468190,4088594,1711772,37917,1749689,1176433,1718501,2338905,98.2,בינונית,6,5,5,5,6,1,A
3-21,3,21,4,3C,3C,4 חדרים,4,109.01,14.0,מזרח - דרום,full,0.36,114.05,27500,3136375,4.16,3266848,2916553,3455184,4071392,1706756,37806,1744562,1171991,1710622,2326830,98.1,בינונית,7,6,6,6,7,1,A
3-27,3,27,5,3D,3D,4 חדרים,4,109.52,12.91,מערב - דרום,none,0.55,116.62,27500,3207064,1.41,3252283,2930949,3439779,4016785,1710000,37878,1747878,1183072,1691902,2268907,96.8,בינונית-גבוהה,5,7,11,5,11,6,A
3-30,3,30,6,3B,3B,4 חדרים,4,107.43,14.0,מזרח - צפון,full,0.36,112.47,27500,3092925,4.16,3221591,2876148,3407317,4014989,1678749,37185,1715934,1160214,1691383,2299054,98.6,בינונית,10,8,8,8,10,2,A
3-16,3,16,3,3C,3C,4 חדרים,4,109.01,14.0,מזרח - דרום,full,0.36,114.05,27500,3136375,3.44,3244266,2895897,3431300,4043909,1706756,37806,1744562,1151335,1686738,2299347,96.7,בינונית,12,9,7,7,12,5,A
2-3,2,3,1,2C,2C,4 חדרים,4,109.62,12.91,מזרח - דרום,full,0.55,116.72,27500,3209814,1.05,3243517,2893532,3430507,4045231,1711772,37917,1749689,1143843,1680818,2295542,96.1,בינונית,15,10,9,9,15,6,A
1-26,1,26,5,1E,1E,4 חדרים,4,109.6,13.01,מערב - דרום,none,0.5,116.1,27500,3192887,1.54,3242058,2921790,3428964,4004081,1711950,37921,1749871,1171920,1679094,2254210,96.0,בינונית-גבוהה,8,11,14,8,14,6,B
3-25,3,25,5,3B,3B,4 חדרים,4,107.43,14.0,מזרח - צפון,full,0.36,112.47,27500,3092925,3.76,3209219,2864831,3394232,3999932,1678749,37185,1715934,1148897,1678298,2283997,97.8,בינונית,13,12,10,10,13,3,B
3-22,3,22,4,3D,3D,4 חדרים,4,109.52,12.91,מערב - דרום,none,0.55,116.62,27500,3207064,0.84,3234003,2914228,3420445,3994536,1710000,37878,1747878,1166350,1672567,2246659,95.7,בינונית-גבוהה,9,13,15,9,15,6,B
3-20,3,20,4,3B,3B,4 חדרים,4,107.43,14.0,מזרח - צפון,full,0.36,112.47,27500,3092925,3.19,3191589,2848705,3375586,3978475,1678749,37185,1715934,1132771,1659652,2262541,96.7,בינונית,17,14,13,13,17,4,B
1-21,1,21,4,1E,1E,4 חדרים,4,109.6,13.01,מערב - דרום,none,0.5,116.1,27500,3192887,0.96,3223539,2904851,3409378,3981542,1711950,37921,1749871,1154980,1659507,2231672,94.8,בינונית-גבוהה,11,15,16,11,16,5,B
3-11,3,11,2,3C,3C,4 חדרים,4,109.01,14.0,מזרח - דרום,full,0.36,114.05,27500,3136375,2.54,3216039,2870076,3401445,4009554,1706756,37806,1744562,1125514,1656884,2264992,95.0,בינונית,18,16,12,12,18,6,B
3-17,3,17,3,3D,3D,4 חדרים,4,109.52,12.91,מערב - דרום,none,0.55,116.62,27500,3207064,0.19,3213157,2895160,3398397,3969166,1710000,37878,1747878,1147282,1650520,2221288,94.4,בינונית-גבוהה,14,17,18,14,18,4,B
1-16,1,16,3,1E,1E,4 חדרים,4,109.6,13.01,מערב - דרום,none,0.5,116.1,27500,3192887,0.31,3202785,2885867,3387428,3956284,1711950,37921,1749871,1135996,1637557,2206413,93.6,בינונית-גבוהה,16,18,20,16,20,4,B
3-15,3,15,3,3B,3B,4 חדרים,4,107.43,14.0,מזרח - צפון,full,0.36,112.47,27500,3092925,2.36,3165918,2825223,3348435,3947232,1678749,37185,1715934,1109288,1632501,2231297,95.1,בינונית,21,19,17,17,21,4,B
3-12,3,12,2,3D,3D,4 חדרים,4,109.52,12.91,מערב - דרום,none,0.55,116.62,27500,3207064,-0.57,3188783,2872864,3372619,3939501,1710000,37878,1747878,1124987,1624741,2191624,93.0,בינונית-גבוהה,19,20,22,19,22,3,B
3-6,3,6,1,3C,3C,4 חדרים,4,109.01,14.0,מזרח - דרום,full,0.36,114.05,27500,3136375,1.39,3179971,2837084,3363298,3965657,1706756,37806,1744562,1092522,1618736,2221095,92.8,בינונית,23,21,19,19,23,4,B
1-11,1,11,2,1E,1E,4 חדרים,4,109.6,13.01,מערב - דרום,none,0.5,116.1,27500,3192887,-0.44,3178839,2863962,3362101,3927139,1711950,37921,1749871,1114091,1612230,2177268,92.1,בינונית-גבוהה,20,22,23,20,23,3,B
3-10,3,10,2,3B,3B,4 חדרים,4,107.43,14.0,מזרח - צפון,full,0.36,112.47,27500,3092925,1.39,3135917,2797780,3316704,3910718,1678749,37185,1715934,1081845,1600770,2194784,93.3,בינונית,26,23,21,21,26,5,B
3-7,3,7,1,3D,3D,4 חדרים,4,109.52,12.91,מערב - דרום,none,0.55,116.62,27500,3207064,-1.43,3161203,2847635,3343448,3905934,1710000,37878,1747878,1099758,1595570,2158056,91.3,בינונית-גבוהה,22,24,24,22,24,2,B
1-6,1,6,1,1E,1E,4 חדרים,4,109.6,13.01,מערב - דרום,none,0.5,116.1,27500,3192887,-1.31,3151061,2838553,3332721,3893331,1711950,37921,1749871,1088682,1582850,2143461,90.5,בינונית-גבוהה,24,25,26,24,26,2,B
2-25,2,25,6,2A,2A,4 חדרים,4,107.41,11.89,מערב - צפון,none,0.32,111.21,27500,3058407,1.2,3095108,2789216,3273543,3822778,1667174,36929,1704103,1085113,1569440,2118675,92.1,בינונית-גבוהה,25,26,29,25,29,4,C
3-5,3,5,1,3B,3B,4 חדרים,4,107.43,14.0,מזרח - צפון,full,0.36,112.47,27500,3092925,0.16,3097874,2762981,3276468,3864417,1678749,37185,1715934,1047046,1560533,2148483,90.9,בינונית,30,27,25,25,30,5,C
2-21,2,21,5,2A,2A,4 חדרים,4,107.41,11.89,מערב - צפון,none,0.32,111.21,27500,3058407,0.76,3081651,2776907,3259310,3806400,1667174,36929,1704103,1072804,1555207,2102297,91.3,בינונית-גבוהה,27,28,31,27,31,4,C
1-33,1,33,7,1B,1B,4 חדרים,4,107.95,11.88,מזרח - צפון,partial,0.32,111.75,27500,3073169,0.38,3084847,2751517,3262690,3847962,1676693,37140,1713833,1037684,1548857,2134129,90.4,בינונית,33,29,27,27,33,6,C
2-16,2,16,4,2A,2A,4 חדרים,4,107.49,11.89,מערב - צפון,none,0.32,111.29,27500,3060607,0.26,3068565,2764906,3245469,3790514,1668592,36960,1705552,1059354,1539917,2084961,90.3,בינונית-גבוהה,28,30,33,28,33,5,C
1-28,1,28,6,1B,1B,4 חדרים,4,107.95,11.88,מזרח - צפון,partial,0.32,111.75,27500,3073169,0.09,3075935,2743365,3253264,3837115,1676693,37140,1713833,1029532,1539431,2123282,89.8,בינונית,35,31,28,28,35,7,C
1-23,1,23,5,1B,1B,4 חדרים,4,107.95,11.88,מזרח - צפון,partial,0.32,111.75,27500,3073169,-0.31,3063642,2732120,3240263,3822154,1676693,37140,1713833,1018287,1526430,2108321,89.1,בינונית,41,32,30,30,41,11,C
2-11,2,11,3,2A,2A,4 חדרים,4,107.49,11.89,מערב - צפון,none,0.32,111.29,27500,3060607,-0.35,3049895,2747829,3225723,3767791,1668592,36960,1705552,1042276,1520171,2062239,89.1,בינונית-גבוהה,31,33,35,31,35,4,C
1-18,1,18,4,1B,1B,4 חדרים,4,107.95,11.88,מזרח - צפון,partial,0.32,111.75,27500,3073169,-0.78,3049198,2718908,3224986,3804575,1676693,37140,1713833,1005075,1511153,2090742,88.2,בינונית,48,34,32,32,48,16,C
2-26,2,26,6,2B,2B,3 חדרים גדולה,3,87.66,21.75,מזרח - צפון,full,0.3,94.19,28000,2637180,4.12,2745832,2451380,2904131,3422093,1369520,30336,1399856,1051525,1504275,2022237,107.5,בינונית,29,35,38,29,38,9,C
2-6,2,6,2,2A,2A,4 חדרים,4,107.49,11.89,מערב - צפון,none,0.32,111.29,27500,3060607,-1.04,3028777,2728511,3203387,3742089,1668592,36960,1705552,1022959,1497835,2036537,87.8,בינונית-גבוהה,39,36,37,36,39,3,C
1-13,1,13,3,1B,1B,4 חדרים,4,107.95,11.88,מזרח - צפון,partial,0.32,111.75,27500,3073169,-1.32,3032603,2703728,3207434,3784378,1676693,37140,1713833,989895,1493602,2070545,87.1,בינונית,55,37,34,34,55,21,C
2-22,2,22,5,2B,2B,3 חדרים גדולה,3,87.66,21.75,מזרח - צפון,full,0.3,94.19,28000,2637180,3.73,2735547,2441973,2893253,3409576,1369520,30336,1399856,1042117,1493397,2009720,106.7,בינונית,32,38,40,32,40,8,C
2-17,2,17,4,2B,2B,3 חדרים גדולה,3,87.66,21.75,מזרח - צפון,full,0.3,94.19,28000,2637180,3.15,2720251,2427981,2877075,3390960,1369520,30336,1399856,1028125,1477219,1991104,105.5,בינונית,37,39,42,37,42,5,C
1-8,1,8,2,1B,1B,4 חדרים,4,107.95,11.88,מזרח - צפון,partial,0.32,111.75,27500,3073169,-1.93,3013857,2686580,3187607,3761562,1676693,37140,1713833,972747,1473774,2047730,86.0,בינונית,62,40,36,36,62,26,C
2-1,2,1,1,2A,2A,4 חדרים,4,107.49,11.89,מערב - צפון,none,0.32,111.29,27500,3060607,-1.83,3004598,2706394,3177815,3712662,1668592,36960,1705552,1000842,1472262,2007109,86.3,בינונית-גבוהה,51,41,41,41,51,10,C
2-12,2,12,3,2B,2B,3 חדרים גדולה,3,87.66,21.75,מזרח - צפון,full,0.3,94.19,28000,2637180,2.32,2698363,2407959,2853925,3364320,1369520,30336,1399856,1008103,1454069,1964464,103.9,בינונית,45,42,43,42,45,3,C
1-3,1,3,1,1B,1B,4 חדרים,4,107.95,11.88,מזרח - צפון,partial,0.32,111.75,27500,3073169,-2.68,2990808,2665497,3163230,3733511,1676693,37140,1713833,951664,1449397,2019678,84.6,בינונית,70,43,39,39,70,31,C
1-29,1,29,6,1C,1C,3 חדרים קומפקטית,3,79.72,13.6,מזרח - דרום,partial,0.55,87.2,28500,2485200,1.06,2511543,2240546,2656335,3132325,1188348,26323,1214671,1025875,1441664,1917654,118.7,בינונית,38,44,45,38,45,7,C
1-32,1,32,7,1A,1A,3 חדרים גדולה,3,87.77,21.67,מערב - צפון,none,0.3,94.27,28000,2639588,1.48,2678654,2414021,2833080,3308281,1371044,30370,1401414,1012607,1431666,1906868,102.2,בינונית-גבוהה,44,45,46,44,46,2,C
1-24,1,24,5,1C,1C,3 חדרים קומפקטית,3,79.72,13.6,מזרח - דרום,partial,0.55,87.2,28500,2485200,0.67,2501851,2231680,2646084,3120529,1188348,26323,1214671,1017009,1431413,1905858,117.8,בינונית,42,46,47,42,47,5,C
2-7,2,7,2,2B,2B,3 חדרים גדולה,3,87.66,21.75,מזרח - צפון,full,0.3,94.19,28000,2637180,1.35,2672782,2384560,2826869,3333187,1369520,30336,1399856,984704,1427013,1933331,101.9,בינונית,56,47,44,44,56,12,C
2-20,2,20,4,2E,2E,3 חדרים קומפקטית,3,79.9,13.83,מערב - דרום,none,0.55,87.51,28500,2493935,0.24,2499921,2252527,2644043,3088092,1191879,26401,1218280,1034247,1425763,1869812,117.0,בינונית-גבוהה,34,48,54,34,54,20,C
1-27,1,27,6,1A,1A,3 חדרים גדולה,3,87.77,21.67,מערב - צפון,none,0.3,94.27,28000,2639588,1.19,2670999,2407019,2824984,3298965,1371044,30370,1401414,1005605,1423570,1897551,101.6,בינונית-גבוהה,47,49,49,47,49,2,C
3-24,3,24,5,3A,3A,3 חדרים קומפקטית,3,79.97,13.5,מערב - צפון,none,0.55,87.39,28500,2490758,0.12,2493746,2246923,2637512,3080520,1191468,26392,1217860,1029063,1419652,1862660,116.6,בינונית-גבוהה,36,50,56,36,56,20,C
1-19,1,19,4,1C,1C,3 חדרים קומפקטית,3,79.72,13.6,מזרח - דרום,partial,0.55,87.2,28500,2485200,0.2,2490170,2220995,2633730,3106313,1188348,26323,1214671,1006325,1419059,1891642,116.8,בינונית,46,51,51,46,51,5,D
1-22,1,22,5,1A,1A,3 חדרים גדולה,3,87.77,21.67,מערב - צפון,none,0.3,94.27,28000,2639588,0.72,2658593,2395671,2811862,3283866,1371044,30370,1401414,994257,1410449,1882452,100.6,בינונית-גבוהה,52,52,52,52,52,0,D
2-15,2,15,3,2E,2E,3 חדרים קומפקטית,3,79.9,13.83,מערב - דרום,none,0.55,87.51,28500,2493935,-0.41,2483710,2237699,2626897,3068363,1191879,26401,1218280,1019419,1408617,1850083,115.6,בינונית-גבוהה,40,53,58,40,58,18,D
1-14,1,14,3,1C,1C,3 חדרים קומפקטית,3,79.72,13.6,מזרח - דרום,partial,0.55,87.2,28500,2485200,-0.34,2476750,2208720,2619536,3089980,1188348,26323,1214671,994049,1404866,1875309,115.7,בינונית,53,54,53,53,54,1,D
3-19,3,19,4,3A,3A,3 חדרים קומפקטית,3,79.97,13.5,מערב - צפון,none,0.55,87.39,28500,2490758,-0.45,2479549,2233936,2622496,3063241,1191468,26392,1217860,1016077,1404637,1845381,115.3,בינונית-גבוהה,43,55,59,43,59,16,D
1-17,1,17,4,1A,1A,3 חדרים גדולה,3,87.77,21.67,מערב - צפון,none,0.3,94.27,28000,2639588,0.18,2644339,2382632,2796787,3266518,1371044,30370,1401414,981219,1395373,1865104,99.6,בינונית-גבוהה,60,56,55,55,60,5,D
2-2,2,2,1,2B,2B,3 חדרים גדולה,3,87.66,21.75,מזרח - צפון,full,0.3,94.19,28000,2637180,0.16,2641399,2355853,2793678,3294992,1369520,30336,1399856,955998,1393822,1895137,99.6,בינונית,68,57,50,50,68,18,D
2-10,2,10,2,2E,2E,3 חדרים קומפקטית,3,79.9,13.83,מערב - דרום,none,0.55,87.51,28500,2493935,-1.13,2465754,2221274,2607906,3046509,1191879,26401,1218280,1002994,1389626,1828229,114.1,בינונית-גבוהה,49,58,62,49,62,13,D
1-9,1,9,2,1C,1C,3 חדרים קומפקטית,3,79.72,13.6,מזרח - דרום,partial,0.55,87.2,28500,2485200,-0.95,2461591,2194853,2603503,3071529,1188348,26323,1214671,980182,1388832,1856859,114.3,בינונית,61,59,57,57,61,4,D
3-14,3,14,3,3A,3A,3 חדרים קומפקטית,3,79.97,13.5,מערב - צפון,none,0.55,87.39,28500,2490758,-1.1,2463359,2219127,2605373,3043537,1191468,26392,1217860,1001267,1387513,1825677,113.9,בינונית-גבוהה,50,60,63,50,63,13,D
1-12,1,12,3,1A,1A,3 חדרים גדולה,3,87.77,21.67,מערב - צפון,none,0.3,94.27,28000,2639588,-0.46,2627446,2367180,2778920,3245958,1371044,30370,1401414,965766,1377506,1844544,98.3,בינונית-גבוהה,64,61,60,60,64,4,D
3-1,3,1,0,3G1,3G-1,דירת גן 3 חדרים,3,77.22,0.0,מערב - צפון,none,0.0,77.22,28500,2450770,-3.72,2359601,2046303,2495634,3020923,1095039,24256,1119295,927008,1376339,1901628,123.0,נמוכה,76,62,48,48,76,28,D
1-4,1,4,1,1C,1C,3 חדרים קומפקטית,3,79.72,13.6,מזרח - דרום,partial,0.55,87.2,28500,2485200,-1.67,2443697,2178485,2584578,3049752,1188348,26323,1214671,963814,1369907,1835081,112.8,בינונית,66,63,61,61,66,5,D
1-30,1,30,6,1D,1D,3 חדרים קומפקטית,3,78.78,7.4,דרום,none,0.5,82.48,28500,2350680,2.29,2404511,2167219,2543132,2969357,1148642,25443,1174085,993133,1369047,1795272,116.6,בינונית-גבוהה,54,64,67,54,67,13,D
2-5,2,5,1,2E,2E,3 חדרים קומפקטית,3,79.9,13.83,מערב - דרום,none,0.55,87.51,28500,2493935,-1.96,2445054,2202339,2586013,3021316,1191879,26401,1218280,984059,1367733,1803036,112.3,בינונית-גבוהה,57,65,65,57,65,8,D
3-9,3,9,2,3A,3A,3 חדרים קומפקטית,3,79.97,13.5,מערב - צפון,none,0.55,87.39,28500,2490758,-1.86,2444429,2201811,2585352,3020498,1191468,26392,1217860,983952,1367492,1802638,112.3,בינונית-גבוהה,58,66,66,58,66,8,D
1-7,1,7,2,1A,1A,3 חדרים גדולה,3,87.77,21.67,מערב - צפון,none,0.3,94.27,28000,2639588,-1.18,2608441,2349795,2758819,3222827,1371044,30370,1401414,948382,1357405,1821414,96.9,בינונית-גבוהה,72,67,64,64,72,8,D
1-25,1,25,5,1D,1D,3 חדרים קומפקטית,3,78.78,7.4,דרום,none,0.5,82.48,28500,2350680,1.79,2392757,2156467,2530701,2955052,1148642,25443,1174085,982382,1356616,1780967,115.5,בינונית-גבוהה,59,68,69,59,69,10,D
3-4,3,4,1,3A,3A,3 חדרים קומפקטית,3,79.97,13.5,מערב - צפון,none,0.55,87.39,28500,2490758,-2.72,2423009,2182218,2562697,2994428,1191468,26392,1217860,964358,1344837,1776568,110.4,בינונית-גבוהה,65,69,70,65,70,5,D
1-20,1,20,4,1D,1D,3 חדרים קומפקטית,3,78.78,7.4,דרום,none,0.5,82.48,28500,2350680,1.21,2379123,2143996,2516281,2938459,1148642,25443,1174085,969911,1342196,1764374,114.3,בינונית-גבוהה,63,70,71,63,71,8,D
2-19,2,19,4,2D,2D,3 חדרים קומפקטית,3,78.65,7.35,דרום,none,0.5,82.33,28500,2346262,1.01,2369960,2135675,2506589,2927226,1146586,25398,1171984,963691,1334606,1755242,113.9,בינונית-גבוהה,67,71,72,67,72,5,D
1-2,1,2,1,1A,1A,3 חדרים גדולה,3,87.77,21.67,מערב - צפון,none,0.3,94.27,28000,2639588,-2.01,2586532,2329755,2735647,3196163,1371044,30370,1401414,928341,1334234,1794750,95.2,בינונית-גבוהה,75,72,68,68,75,7,D
1-15,1,15,3,1D,1D,3 חדרים קומפקטית,3,78.78,7.4,דרום,none,0.5,82.48,28500,2350680,0.56,2363844,2130020,2500121,2919863,1148642,25443,1174085,955934,1326036,1745778,112.9,בינונית-גבוהה,69,73,73,69,73,4,D
2-14,2,14,3,2D,2D,3 חדרים קומפקטית,3,78.65,7.35,דרום,none,0.5,82.33,28500,2346262,0.36,2354709,2121724,2490459,2908665,1146586,25398,1171984,949741,1318476,1736681,112.5,בינונית-גבוהה,71,74,74,71,74,3,D
1-10,1,10,2,1D,1D,3 חדרים קומפקטית,3,78.78,7.4,דרום,none,0.5,82.48,28500,2350680,-0.19,2346214,2113893,2481474,2898406,1148642,25443,1174085,939808,1307389,1724321,111.4,בינונית-גבוהה,73,75,75,73,75,2,D
2-9,2,9,2,2D,2D,3 חדרים קומפקטית,3,78.65,7.35,דרום,none,0.5,82.33,28500,2346262,-0.39,2337112,2105628,2471848,2887248,1146586,25398,1171984,933644,1299864,1715264,110.9,בינונית-גבוהה,74,76,77,74,77,3,D
1-5,1,5,1,1D,1D,3 חדרים קומפקטית,3,78.78,7.4,דרום,none,0.5,82.48,28500,2350680,-1.06,2325763,2095186,2459844,2873516,1148642,25443,1174085,921101,1285759,1699431,109.5,בינונית-גבוהה,77,77,78,77,78,1,D
2-4,2,4,1,2D,2D,3 חדרים קומפקטית,3,78.65,7.35,דרום,none,0.5,82.33,28500,2346262,-1.26,2316700,2086956,2450259,2862405,1146586,25398,1171984,914972,1278275,1690421,109.1,בינונית-גבוהה,78,78,79,78,79,1,D
3-28,3,28,5,3E,3E,3 חדרים קומפקטית,3,78.68,7.37,מערב,none,0.4,81.63,28500,2326398,-0.79,2308019,2079289,2441078,2851478,1147097,25409,1172506,906783,1268572,1678972,108.2,בינונית-גבוהה,79,79,80,79,80,1,D
3-23,3,23,4,3E,3E,3 חדרים קומפקטית,3,78.68,7.37,מערב,none,0.4,81.63,28500,2326398,-1.4,2293828,2066308,2426069,2834206,1147097,25409,1172506,893802,1253563,1661700,106.9,בינונית-גבוהה,80,80,81,80,81,1,D
3-18,3,18,3,3E,3E,3 חדרים קומפקטית,3,78.68,7.37,מערב,none,0.4,81.63,28500,2326398,-2.12,2277078,2050986,2408353,2813821,1147097,25409,1172506,878480,1235847,1641315,105.4,בינונית-גבוהה,81,81,82,81,82,1,D
3-2,3,2,0,3G3,3G-2,דירת גן 3 חדרים,3,76.89,0.0,מערב,none,0.0,76.89,28500,2311365,-4.2,2214288,1919756,2341943,2835584,1090359,24152,1114511,805245,1227431,1721072,110.1,נמוכה,84,82,76,76,84,8,D
3-13,3,13,2,3E,3E,3 חדרים קומפקטית,3,78.68,7.37,מערב,none,0.4,81.63,28500,2326398,-2.95,2257769,2033323,2387931,2790320,1147097,25409,1172506,860817,1215425,1617814,103.7,בינונית-גבוהה,82,83,83,82,83,1,D
3-8,3,8,1,3E,3E,3 חדרים קומפקטית,3,78.68,7.37,מערב,none,0.4,81.63,28500,2326398,-3.89,2235901,2013320,2364802,2763705,1147097,25409,1172506,840814,1192296,1591199,101.7,בינונית-גבוהה,83,84,84,83,84,1,D
